!!!;Rock
Nickodemus;Reggae
Lil Skate;Folk
Raz;Classical
Spindrift;Jazz
The Natural Yogurt Band;Jazz
Spiritualized;Unknown
Mike Hawkins;Rock
YROR?;Reggae
KUSO GVKI;Hip-Hop
Champagne Champagne;Folk
Federico Milani;Reggae
Dirty Revolution;Jazz
Graffiti6;Classical
Käptn Peng;Hip-Hop
Gidge;Jazz
Royal Thunder;Unknown
Doseone;Country
Flower Travellin' Band;Country
Nu Elementz;Hip-Hop
Нейромонах Феофан;Classical
Jorja Smith;Country
Bombay Bicycle Club;Reggae
Tangerine Dream;Country
Joomanji;Country
Stevie Wonder;Folk
confidns;Jazz
Art District;Reggae
Gold Panda;Country
Diex;Folk
The White Panda;Classical
Furyan;Jazz
The Gun Club;Unknown
Crazy P;Jazz
Omiki;Folk
Of Water;Country
Pantha du Prince;Blues
Zuboly;Electronic
First Degree Burns;Classical
Paul St. Hilaire;Blues
J;Country
Javelin;Hip-Hop
Jahdan Blakkamoore;Country
Bionic Man Sound;Unknown
Solomun;Folk
Frédéric Chopin;Country
Aly & Fila;Reggae
Nótár Mary;Hip-Hop
mndbd;Unknown
Hashfinger;Electronic
La Gale;Rock
Helms Alee;Jazz
Sub Focus;Jazz
Fumuj;Jazz
Infinity;Reggae
Yeasayer;Classical
Ganz;Reggae
Nobody;Classical
BADBADNOTGOOD;Unknown
Lady Paradox;Unknown
White Lung;Folk
Joyryde;Blues
Soul Khan;Reggae
Ricky Tuff;Classical
TyDro;Rock
Chemical Noise;Rock
Stefan ZMK;Jazz
Subjected;Folk
Dirty Art Club;Electronic
Joanna Newsom;Unknown
Leland;Reggae
Nightwish;Reggae
Camp Lo;Hip-Hop
Covey;Electronic
Tati Zaqui;Electronic
Night Sounds;Reggae
MC Bomber;Unknown
Clean Bandit;Hip-Hop
Rite Hook;Reggae
Ill Chemistry;Reggae
Lights & Motion;Hip-Hop
Bobakrome & Bobafett;Rock
Joe Kickass;Folk
Luigi Madonna;Hip-Hop
Culture Club;Blues
Dj Lion;Jazz
Majical Cloudz;Country
semedo;Folk
Koznik;Electronic
Culture Freeman And Bush Chemists;Classical
The Old Firm Casuals;Hip-Hop
TOKiMONSTA;Unknown
Ironlung;Blues
Bukez Finezt;Unknown
j^p^n;Unknown
Matt Corby;Country
Sexion d'Assaut;Hip-Hop
Calyx;Reggae
Puppetmastaz;Jazz
Dinka;Jazz
Onry Ozzborn;Country
Dgtalsystem;Electronic
The Rolling Stones;Electronic
All the Saints;Unknown
Ellie Goulding;Classical
Five Knives;Country
O.T. Genasis;Electronic
Maga Bo;Country
kavabanga & Depo & Kolibri;Folk
Cloves;Folk
QUICKLY QUICKLY;Classical
Kehlani;Blues
Nature Sounds;Classical
Yellow Ostrich;Hip-Hop
Bokki;Unknown
Wilkinson;Blues
K-Otix;Rock
45 Prince;Blues
Bobby & Blumm;Folk
Bëlga;Classical
The Fresh & Onlys;Reggae
Blue Sky Black Death;Blues
Worakls;Jazz
Jewelz;Folk
Slimmah Sound;Blues
Maximono;Classical
Claes Rosen;Blues
Jeremy Irons & The Ratgang Malibus;Reggae
The Brian Jonestown Massacre;Reggae
Roky Erickson & The Black Angels;Folk
Disney Pictures;Classical
Northern Lite;Jazz
Talasemik;Reggae
Weedthief;Blues
Chamillionaire;Classical
fushou.;Rock
Rocker-T;Reggae
Shania Twain;Unknown
Toše Proeski;Blues
Taj Mahal;Folk
Merkaba;Hip-Hop
Ana Tijoux;Folk
Lenny Jordan;Electronic
Fatboy Slim;Classical
Mandrágora;Hip-Hop
Sayag Jazz Machine;Jazz
MR SWAGG 360;Reggae
Ago;Reggae
Hot Since 82;Hip-Hop
Benly;Jazz
Still Corners;Blues
Young the Giant;Unknown
Ego Trippin;Classical
Marcus Worgull;Folk
Tipsy;Hip-Hop
Hidden Empire;Hip-Hop
Sebastian Boldt;Jazz
Black Grass;Jazz
Alice Cooper;Electronic
Dub Incorporation;Classical
Rin;Country
Mustard;Folk
The Blind Shake;Electronic
Patara;Country
Jacob;Jazz
J-Cut & Kolt Siewerts;Electronic
Meek Mill;Unknown
Nina Kraviz;Hip-Hop
Them Crooked Vultures;Blues
Neokontrol;Electronic
Vök;Folk
Mad Q;Rock
MAU5TRAP;Electronic
Alex Clare;Electronic
ProleteR;Jazz
Protassov feat. Bajka;Classical
Travi$ Scott;Country
Labo 14;Electronic
White Flight;Rock
louis logic;Blues
UNKLE;Rock
Contact Play;Country
Distinkt;Electronic
Ben Dust;Reggae
Fleetwood Mac;Unknown
NMZS;Country
Arius;Electronic
Tom Fire;Hip-Hop
Arthur H;Hip-Hop
NERVO;Country
Zipera;Blues
Aim;Electronic
Cape Town Effects;Country
Capital Monkey;Electronic
Angus & Julia Stone;Classical
Color Climax;Electronic
Neroche;Rock
Drumsound & Bassline Smith;Rock
Pilocka Krach;Hip-Hop
Made in M;Hip-Hop
KRS One El Da Sensei;Electronic
Benji;Folk
Das EFX;Country
Mefjus;Classical
Mc Dudu;Hip-Hop
Kanka;Unknown
Marvin Gaye;Hip-Hop
Django Reinhardt;Blues
The Spook School;Jazz
Yabby You;Hip-Hop
Atili Bandalero;Blues
Synapson;Folk
Majlo;Blues
Bonobo;Blues
Benga;Country
Alle Farben;Folk
Ruckus Roboticus;Country
Mooryc;Hip-Hop
Tove Lo;Jazz
Ed Solo;Country
Ohrbooten;Hip-Hop
Matt Watkins;Rock
Caravan Palace;Rock
Enschway;Blues
Certified Sickness;Electronic
Walk Off the Earth;Classical
Marteria;Blues
Yandel;Jazz
Vegas (Brasil);Unknown
Hollywood Undead;Jazz
Dawn Wall;Jazz
Annix;Electronic
Kimberly Anne;Electronic
Else;Electronic
Sammy Pharaoh;Reggae
Captain Hook;Electronic
Demrick;Reggae
Buddy;Electronic
Sälen;Unknown
Ganja White Night;Reggae
Format:B;Blues
3asic;Electronic
Kryoman;Reggae
Orca;Hip-Hop
Jeremy Zucker;Rock
Prince Far I;Hip-Hop
Tut Tut Child;Hip-Hop
Isaiah;Blues
Angelz;Jazz
Shabazz Palaces;Electronic
Zimmer;Jazz
Wax Tailor feat. Voice;Electronic
Ocean Bank;Reggae
Little People;Rock
The Body;Electronic
Mudhoney;Rock
Bon-Bon;Hip-Hop
Frazier;Rock
trettmann;Reggae
Deleted Scenes;Unknown
Faces;Unknown
Keygen Kaotik;Electronic
Robosonic;Blues
Samurah;Jazz
Yellow Days;Blues
Chet Faker;Classical
Contiez;Hip-Hop
V.I.V.E.K;Electronic
Snak the Ripper;Classical
Keygen Kaotic;Hip-Hop
Grayskul;Blues
Showtek;Reggae
Say Yes Dog;Reggae
Mo'kalamity;Jazz
The Postal Service;Hip-Hop
Papa Style;Jazz
Voilaaa;Hip-Hop
BRENK;Classical
Why?;Blues
Caleb Belkin;Country
Mar Haze;Folk
K.Flay;Reggae
DJ Zinc;Rock
Bad Religion;Hip-Hop
Ch3w;Electronic
Antiloops;Electronic
fdel;Jazz
Kellerkind;Reggae
Skinshape;Reggae
Built to Spill;Jazz
J-Suave;Blues
Adam Beyer;Hip-Hop
C2C;Unknown
Little Dragon;Blues
Armin van Buuren;Rock
Free the Robots feat. Jon Wayne;Folk
The Beautiful Girls;Blues
Christopher;Unknown
Dubkasm;Folk
Andrew Meller;Country
Palov & Mishkin;Electronic
If I Was You;Country
Diamond Rugs;Reggae
Felix Laband;Hip-Hop
Delinquent Habits;Country
Oblivians;Country
DubVision;Blues
UB40;Blues
Les Friction;Rock
Quentin Rodriguez Koen Groeneveld;Folk
Mr. Green;Classical
Megaloh;Country
Sean Price feat. Buckshot Steele and Louieville;Reggae
Flegma;Folk
Gonzi;Hip-Hop
Beirut;Electronic
Dr Syntax;Reggae
XXYYXX;Unknown
Disfunktion;Jazz
Mr. Vegas;Classical
Alfons;Reggae
Liléa Narrative;Blues
Randomer;Folk
James Hersey;Electronic
Wolfmother;Country
Sultan + Shepard;Unknown
Helios;Jazz
Phoria;Electronic
Azad;Electronic
Au/Ra;Blues
Veorra;Rock
Skool of Thought;Hip-Hop
Helion;Hip-Hop
Coda;Hip-Hop
Red Martina;Classical
Bushido;Hip-Hop
Volodia Rizak;Jazz
Eelke Kleijn;Country
Jazzy Bazz;Country
La Secte Phonétik;Blues
T78;Reggae
Carl Tricks;Folk
They.;Hip-Hop
Des Rocs;Jazz
Sonata Arctica;Classical
The Widdler;Country
Baby Mozart;Country
Jaguar Skills;Classical
Dense & Pika;Jazz
Click | Click;Hip-Hop
Noisia;Blues
Quest for Fire;Rock
Guigoo;Hip-Hop
ABMEM;Country
Charlie P;Country
KFC;Blues
Moon Duo;Reggae
KC and The Sunshine Band;Classical
Rae & Christian;Unknown
The Battles;Folk
Caribou;Hip-Hop
Sir Felix;Blues
Azax;Hip-Hop
Rrotik;Folk
Parks Squares and Alleys;Country
Neovaii;Rock
Julian Jordan;Country
Frameworks;Blues
Hungry Ghosts;Jazz
Julian Jeweil;Electronic
August Alsina;Electronic
Aso;Reggae
Dabbla;Electronic
Linkin Park;Classical
Dirtcaps;Classical
Weeding Dub;Classical
Fisto;Rock
Vibravoid;Unknown
Freshlyground;Rock
Tchong Libo;Jazz
Passafire;Hip-Hop
Frankie Krupnik;Folk
DiscoBastardz & ClubSukkerz;Unknown
Can't Stop Won't Stop;Jazz
Trentemøller;Hip-Hop
Maroon 5;Country
Round Table Knights;Folk
BVA;Rock
Jel;Jazz
35007;Folk
Mamont;Classical
Pitch Black;Unknown
2econd Class Citizen;Unknown
MarQ Spekt & Blockhead feat. Philly LoLife Allstars;Reggae
Raw Moans;Rock
Toner Low;Electronic
Sefa;Unknown
Moksi;Hip-Hop
Kodaline;Folk
Zara Larsson;Reggae
The Smashing Pumpkins;Jazz
Ectomorph;Electronic
Cage the Elephant;Electronic
Dub Orchestra;Blues
Dimitri Vegas & Like Mike vs. Boostedkids;Hip-Hop
Moes Nation;Country
Onuka;Electronic
Phemenine;Classical
Epeak;Folk
The Horrorist;Hip-Hop
Bellaroush & Promoe;Unknown
Kyle Sicarius;Unknown
Comah;Classical
Nari & Milani;Rock
Yogi;Rock
Evil Needle;Unknown
Secret Cinema;Reggae
Kinderzimmer Productions;Jazz
VINGADORA;Blues
SZA;Folk
fun.;Jazz
Rupelsoldaten;Unknown
Majistrate & Guv;Rock
Illuminati Congo;Reggae
Tribone;Rock
Jon Kennedy;Classical
Heymoonshaker;Hip-Hop
Maksim Dark;Reggae
Jesper Nohrstedt;Unknown
Moontrackers;Hip-Hop
9 O'clock;Classical
Dub Wiser;Unknown
AxH;Country
Tarwater;Classical
Timballmastaz;Electronic
poloshirt;Electronic
Admiral Sir Cloudesley Shovell;Unknown
Le Wanski;Classical
M.I.A.;Hip-Hop
Rampa;Blues
Klaus Badelt;Classical
Tyler the Creator;Folk
nofilter;Country
Clyde P;Blues
Chiwoniso Maraire;Unknown
Dirty Dike;Country
State Radio;Folk
Bart Skils;Reggae
Groundislava;Electronic
Lil' Kleine;Rock
Gabriel Vitel;Folk
The Cool Kids;Rock
Johannes Oerding;Country
Audiofly;Classical
Orbital;Blues
Pentatones;Hip-Hop
Iggy Azalea;Jazz
Plàsi;Jazz
Gang Starr;Unknown
Stromae;Classical
Larrykoek;Unknown
Zanon;Reggae
Retrogott & Hulk Hodn;Classical
Rapsta;Blues
Rob Viktum;Hip-Hop
Naturalize;Hip-Hop
Tides From Nebula;Folk
Nugat;Jazz
Fever Ray;Country
Voivod;Reggae
Reinier Zonneveld;Folk
KMD;Electronic
sleepisformortals;Folk
Carmody;Hip-Hop
Oriente;Jazz
Franz Gordon;Country
Cannibal Ox;Electronic
Aries;Jazz
Iliuchina;Reggae
Slick Rick;Rock
Barnt;Hip-Hop
Kaytranada;Folk
Sam Ragga Band;Rock
will.i.am;Rock
Bellaroush;Electronic
Chill Bump;Blues
Tosca;Rock
Two Fingers;Rock
CupcakKe;Country
Paralocks;Country
Naâman;Folk
Tough Love;Blues
AB Syndrom;Electronic
Outlines;Reggae
Kuniyuki Takahashi;Unknown
DJ Jazzy Jeff;Hip-Hop
Drop That Thun Thun;Hip-Hop
Mandragora & Devochka;Country
Nanoplex;Classical
keeno;Folk
Coming Soon!!!;Blues
Szabó Balázs Bandája;Hip-Hop
Vancouver Sleep Clinic;Folk
Colour Haze;Blues
Ty Dolla $ign;Folk
Ahleuchatistas;Country
Versus;Unknown
Audiomatic;Classical
Audio Units;Classical
NI✞EMAYOR;Unknown
Wayward;Folk
Barn Owl;Reggae
Cas One;Country
Bush Chemists and King General;Classical
Quantic;Reggae
Shoe Scene;Unknown
Italoboyz;Country
Paul Oakenfold;Folk
Joachim Pastor;Rock
Mickey;Electronic
Kraftklub;Jazz
Zarrus;Reggae
Billy Woods;Country
The Drums;Rock
Klub des Loosers;Reggae
NoMBe;Rock
Mattiv;Jazz
Like;Jazz
Lorde;Electronic
L D R U;Reggae
Lordi;Blues
Elhae;Reggae
Hedflux;Reggae
MiM0SA;Rock
Duane Bartolo;Hip-Hop
TC4;Hip-Hop
Sizzle Bird;Hip-Hop
Queen;Jazz
Radioinactive;Hip-Hop
Fortay;Jazz
The Myrrors;Folk
Polgár Peti;Classical
Mutated Forms;Hip-Hop
Azma;Unknown
Kirby Krackle;Rock
Bigg Jus;Jazz
Goatsnake;Jazz
U-Recken;Blues
Thee Oh Sees;Reggae
OutKast;Reggae
Teacha dee;Country
Carnage;Reggae
Basement Jaxx;Reggae
The Men;Reggae
Truncate;Blues
Modeselektor;Folk
Antipop Consortium;Reggae
D-Nox & Beckers;Electronic
Copy Con;Jazz
ANDROM;Reggae
Herr von Grau;Unknown
DaniT;Electronic
Vibrations;Classical
Panic! at the Disco;Reggae
What So Not;Jazz
Salt Cathedral;Blues
Kimyan Law;Classical
Der Plusmacher;Classical
The Unicorns;Reggae
Brenk Sinatra;Country
Martin Jondo;Jazz
Lungfish;Reggae
Wolf Gang;Classical
Tash Sultana;Reggae
Nanci & Phoebe;Classical
DJ SEINFELD;Electronic
Adventure Club;Unknown
Deadbeat;Rock
Dr Syntax & Pete Cannon;Unknown
B. Dolan;Electronic
La Smala;Folk
The Warlocks;Blues
Data;Country
Illenium;Country
Loud & Burn In Noise;Rock
Bam;Hip-Hop
Fartman-G;Classical
Protassov;Unknown
Backini;Reggae
The Stone Roses;Jazz
La Jam;Unknown
MEXICAN STEPPER;Classical
Faraquet;Rock
Creature With The Atom Brain;Jazz
Derrick Harriott;Hip-Hop
Fuck Buttons;Unknown
FloFilz;Hip-Hop
Hudson Alexander;Unknown
My Brother the Wind;Reggae
Baths;Folk
The xx;Electronic
Mambo kingz;Reggae
Avicii;Electronic
Watsky;Jazz
Ferry Corsten;Hip-Hop
Wino;Rock
Dead Players;Electronic
Mentalecho;Hip-Hop
Selena Gomez;Reggae
Feng Suave;Electronic
Tripo;Rock
Age Of Love;Folk
The Drones;Electronic
Sapient;Jazz
Mellow Trax;Classical
Palace;Folk
Boom Da Bash;Jazz
Lyall Moloney;Reggae
Skapes;Classical
Camel Light;Folk
A Silent Film;Country
Flyleaf;Electronic
Sonny Human;Classical
Hi Profile;Folk
Mazde;Jazz
Sample Junkie;Classical
Nu Aspect;Classical
Davi;Unknown
Timewarp inc;Unknown
Moglii;Rock
Jody Koenders;Jazz
Alex Vargas;Reggae
Reform;Blues
Zeds Dead;Electronic
Tritonal;Rock
Jahneration;Rock
Pelari;Electronic
Tom Garnett;Jazz
Erotic Dream;Hip-Hop
J-Live;Electronic
Hanzo;Classical
DIIV;Unknown
Shallou;Unknown
Victor Ruiz;Folk
Fisher;Country
DJ Frane;Blues
IC3PEAK;Classical
Bartha Ákos Dannona;Electronic
Weedeater;Unknown
baaskaT;Reggae
S3RL;Hip-Hop
Dibia$e;Hip-Hop
Emil Berliner;Electronic
Flight Facilities;Reggae
Nout;Electronic
Blutch;Hip-Hop
Chris Lake;Country
Vegyn;Blues
X-Nova;Electronic
Abel Neisan;Electronic
Stoned Jesus;Electronic
Grabbitz;Country
Jan Delay;Hip-Hop
*67;Blues
Logos;Classical
Les Ramoneurs de Menhirs;Jazz
Ólafur Arnalds;Folk
Dead Ghosts;Electronic
Uncle Acid & the Deadbeats;Classical
El Fata;Unknown
Mawuli;Unknown
Sam Tiba;Jazz
Sedge Warbler;Jazz
RJD2;Electronic
Ben Khan;Hip-Hop
Meute;Jazz
Klondike Kat;Hip-Hop
Avalon;Reggae
Coyu;Reggae
Biga Ranx;Electronic
Perfect Stranger;Folk
Tom Vek;Folk
Upgrade;Electronic
Subculture Sage;Folk
Mister Modo & Ugly Mac Beer;Electronic
Starkey;Unknown
Non Phixion;Country
Bibio;Folk
Alika;Folk
Orla Feeney;Blues
Lish;Electronic
Daedelus;Folk
Dexter Seamus;Country
Cryderman;Blues
AFTA-1;Reggae
Léon;Folk
Mix n Blend;Reggae
Karma Kid;Reggae
Mighty Mystic;Country
Denis Horvat;Rock
MarQ Spekt & Blockhead feat. Sarah Wilson;Blues
Decimal Bass;Folk
Electric Eye;Blues
Sia;Rock
DJ Suspect & Doc TMK;Electronic
LATMUN;Electronic
Hedegaard;Reggae
Extrawelt;Blues
Toussaint Morrison;Folk
Föllakzoid;Folk
Field Works;Blues
Zayn;Folk
Stupeflip;Electronic
uht°;Folk
DJ Snake;Reggae
Stereoclip;Hip-Hop
William Kiss;Jazz
Valentin Stip;Electronic
Le Peuple de l'Herbe;Blues
Mike Posner;Electronic
Nonku Phiri;Unknown
Rival Consoles;Country
Miami Horror;Classical
Loco & Jam;Blues
CharlestheFirst;Classical
Nikitaman;Reggae
Kapitány Máté;Jazz
Pimp C;Blues
Said Energizer;Hip-Hop
Vessels;Country
Secret Vibes;Jazz
Perplex;Jazz
Mono:Massive;Jazz
Czarny HIFI;Rock
Lite;Jazz
Freckle & Pete;Classical
Le Klub des 7;Country
Lena Fayre;Classical
Jam Thieves;Unknown
Devonwho;Electronic
Lumerians;Reggae
The Game Music Committee;Unknown
Trikk;Folk
Markus Schulz;Classical
Buku;Country
Diamond Deuklo;Hip-Hop
Fenyo Miklós;Hip-Hop
DD Company;Country
Tale of Us;Hip-Hop
Papi$;Classical
Lil bo bo;Unknown
20syl;Blues
Birdy Nam Nam;Classical
Toots and The Maytals;Folk
Solange;Unknown
Manfred Groove;Electronic
Street Military;Jazz
Audiobruz;Jazz
Dexter;Jazz
Instant Party! & Breaux;Jazz
Primus;Country
Hopsin;Classical
jPattersson;Classical
KVSH;Country
BOSTON 168;Reggae
Bryson Tiller;Rock
St. John;Classical
Great Dane;Blues
Mount Dreams;Classical
John Mayer;Jazz
Eevee;Reggae
Bishu;Country
Brand New;Electronic
Degiheugi;Rock
P.H. Fat;Jazz
Total Control;Electronic
Felix Jaehn;Classical
The Chainsmokers;Country
Knife Party;Country
H.O.S.H.;Hip-Hop
Big J Beezy;Electronic
Autograf;Rock
Virus Syndicate;Folk
Madeon;Reggae
Blake Worrell;Jazz
The Blood Brothers;Jazz
Kyroman;Classical
Blr;Classical
Fourward;Hip-Hop
Dávila 666;Country
Silver Maple;Hip-Hop
Promise Land;Rock
Major7;Rock
Occer;Rock
8th Sin;Jazz
Fred V & Grafix;Rock
Kali Uchis;Jazz
Dannic;Country
Martin Ikin;Country
Beneath Usual;Country
Top Cat;Folk
D-Addiction;Unknown
Matty Lincoln;Jazz
Pig & Dan;Rock
Steen;Country
Cookie The Herbalist;Reggae
Chris Liebing;Country
St. South;Folk
Jazzékiel;Reggae
Robert DeLong;Reggae
Harvey McKay;Electronic
Acid King;Classical
Victoria Zakrison;Hip-Hop
Dazkarieh;Reggae
Evil Habit;Blues
Klavan Gadjé;Jazz
Trinix;Blues
Puppet;Hip-Hop
Dj Fabio & Moon & V.Falabella;Reggae
Papir;Blues
Dux n Bass;Folk
Walker & Royce;Jazz
TRC;Reggae
Shanique Marie;Classical
Dang3R;Blues
The Sleep Specialist;Hip-Hop
Highway 101;Electronic
Psaiko.Dino;Reggae
Mike Emilio;Classical
Oliver Koletzki;Reggae
Timelock;Country
Mosh36;Rock
Fliegerlied;Classical
Keem The Cipher;Blues
Gigi D'Agostino;Electronic
Darth & Vader;Folk
TSR Crew;Rock
Tribeqa;Jazz
Max Herre;Unknown
TS7;Reggae
Izem;Reggae
Ash Koosha;Folk
Hammerers;Classical
Unseen Dimensions;Reggae
Alphadub;Jazz
Mauresca Fracas Dub;Country
Hannah Wants;Rock
DJ Screw;Jazz
Sonny Moko;Unknown
Shiva Chandra;Classical
Mundwerk-Crew;Hip-Hop
Pedra Branca;Electronic
Logan D;Hip-Hop
Bou;Country
Dub Silence;Classical
GoldLink;Blues
Sampa The Great;Jazz
Vermont (Br);Blues
Tommy Guerrero;Blues
Sly & Robbie;Rock
Flavors;Rock
Confidence Man;Classical
Stanton Warriors;Rock
Nick Hakim;Blues
Sixfingerz;Folk
Alpharock;Unknown
Swing Republic;Rock
TTC;Jazz
Kirin J Callinan;Electronic
Sleepmakeswaves;Classical
Nature Recordings;Hip-Hop
Blended Babies;Rock
Five for Fighting;Country
Emiljo AC;Country
Sunlounger;Classical
Macka B;Reggae
Tallowah;Unknown
Protoje;Electronic
Shinki Chen;Hip-Hop
David Solano;Blues
Ratus;Electronic
Tom Reev;Blues
Marilyn Manson;Blues
Alien Ant Farm;Classical
Vini Vici;Rock
Martin Vide;Folk
Poison Flowerz;Blues
SIXIS;Rock
Bijou;Folk
The Flexican;Unknown
The Octopus Project;Reggae
Jax Jones;Blues
Lo-Fang;Electronic
Qulinez;Rock
X.TAo;Classical
Funkommunity;Electronic
Yomoti;Electronic
Mr.Troy;Unknown
The Deli;Unknown
Trace;Unknown
K dinero;Country
Sekuoia;Jazz
Addison Groove;Folk
SYMBIZ SOUND;Classical
Alias;Blues
Modestep;Hip-Hop
Dawn Golden;Classical
Magic Bronson;Folk
Indian Jewelry;Rock
The Black Angels;Rock
Atlantic Connection;Blues
Push Button Objects;Country
Tiga;Blues
K'naan;Folk
Angger Dimas;Electronic
Santé;Hip-Hop
Land Switcher;Unknown
Levela;Classical
Gravediggaz;Folk
Queens of the Stone Age;Reggae
James Blake;Folk
Djabe;Rock
Pacific Dub;Blues
Ra Ra Riot;Hip-Hop
Perrion;Rock
French Horn Rebellion;Folk
Carpenter Brut;Rock
Serum;Country
B-Complex;Folk
Zodiak Killa;Reggae
Damien N-Drix;Jazz
Valaire;Hip-Hop
Comfort Fit;Rock
Dead Man;Rock
Swindle;Hip-Hop
Fakkulty;Country
Aazar;Classical
Murs;Country
Jorn van Deynhoven;Country
Joy Corporation;Classical
Bruno Furlan;Blues
Boney M.;Classical
Princess Nokia;Unknown
Death Cab for Cutie;Jazz
Muse;Classical
AC/DC;Folk
Kita Alexander;Electronic
Odd Nosdam;Rock
Jorge Ben;Reggae
Lloyd Banks;Electronic
The Knife;Folk
Soul Position;Hip-Hop
Infected Mushroom;Electronic
Rødhåd;Reggae
Les Gordon;Blues
Langoth;Hip-Hop
Ranking Levy;Reggae
Potatohead People;Classical
Chris Watson;Country
Twin Atlantic;Blues
Salmonella Dub;Rock
Dialectrix;Unknown
X-NoiZe;Classical
Vaishiyas;Blues
Jay Robinson;Rock
The Juju Orchestra;Folk
Marcapasos;Electronic
Mad Tribe;Country
Deerhoof;Folk
SBTRKT;Jazz
D-Unity;Hip-Hop
Susumu Yokota;Reggae
Plusma;Jazz
Bob Moses;Unknown
Roger Molls;Rock
Cubicolor;Hip-Hop
ITSOKTOCRY x LiL PEEP;Electronic
Acid Pauli;Folk
Sifres;Hip-Hop
Nitro & Glycerine;Jazz
Metallica;Rock
Mutt;Folk
Cadillac;Blues
Lance Butters;Hip-Hop
Gossenboss mit Zett;Unknown
Dirty Three Low;Electronic
Greenleaf;Reggae
Mouse on Mars;Unknown
Mo' Horizons;Electronic
Wooden Veil;Jazz
Bleubird;Country
Massive Attack;Classical
Cloud Nothings;Country
Dada Life;Electronic
Your Favorite Martian;Jazz
Aesop Rock;Folk
*shels;Electronic
Tez Cadey;Electronic
NeuroKontrol;Rock
Five Horse Johnson;Country
Zeier;Unknown
XS Project;Jazz
Arty;Reggae
Feynman;Classical
Joey Bada$$;Reggae
the cynical;Rock
Mexican Institute of Sound;Reggae
Kai Wachi;Unknown
Aphrodite;Jazz
Son of a Pitch;Unknown
Early Man;Blues
Atlas Genius;Rock
Capone;Unknown
San Cisco;Jazz
Dorothy Williams;Folk
Tuber;Reggae
Sean Price feat. Buckshot;Classical
Lee Scratch Perry & The Upsetters;Electronic
The Zen Hussies;Electronic
Basto;Country
Jah Sun;Rock
Kareem Kateb;Rock
Phaeleh;Rock
Loch Lomond;Folk
Sparkz;Classical
Richard Clayderman;Reggae
Casper;Electronic
Slum Village;Folk
Walkboy;Electronic
Ducktails;Reggae
I See MONSTAS;Blues
Sean Price;Reggae
Droplex;Rock
Dim Chris;Country
TSURUDA;Rock
Gonjasufi;Electronic
Belzebass;Folk
Chlorine Free;Rock
My Digital Enemy;Country
Susie Suh;Classical
Arbouretum;Hip-Hop
Maniacx;Folk
il:lo;Jazz
Zezia;Hip-Hop
Mat Zo;Jazz
Rudimental;Unknown
Guustavv;Classical
Bastille;Reggae
Hauschka;Hip-Hop
Ceschi;Rock
M.O.P.;Blues
Lauv;Country
Corner;Electronic
Angry Luna;Reggae
Yawning Man;Classical
Ivan Gough;Classical
Hidden Spheres;Reggae
Tripnosis;Hip-Hop
fLako;Folk
Uncle Acid and the Deadbeats;Jazz
Kairo Kingdom;Classical
Korn;Unknown
Jiser;Jazz
Schwefelgelb;Classical
Cleric;Blues
Nodey;Unknown
DragonForce;Rock
LMK;Electronic
Big Dope P;Hip-Hop
Dragontears;Rock
SŸDE;Reggae
Eli Sostre;Electronic
Symbolico;Classical
Infinity Ink;Blues
Hot Sugar;Hip-Hop
Arsonists;Reggae
Audio88;Rock
Richard the Third;Blues
Serezha Mestnyy;Unknown
Pixel;Reggae
Lali Puna;Country
Enei;Blues
Orkestrated;Rock
The Physics House Band;Reggae
Mollono.Bass & Ava Asante;Reggae
Hizzleguy;Electronic
Ancient Sky;Electronic
Sonny Banks;Hip-Hop
Younotus;Jazz
Koi Child;Unknown
Eminence;Unknown
Sad Eye;Jazz
Eligh;Electronic
Subreachers;Unknown
Million Dan;Classical
Perc;Unknown
Bobby Nourmand;Jazz
Parra for Cuva;Folk
MarQ Spekt & Blockhead feat. Clever 1 & Him Lo;Unknown
Eery;Hip-Hop
Digitaldubs;Rock
Smith;Jazz
Calexico;Country
Tinie Tempah;Classical
Ty Segall;Blues
Mézigue;Classical
King Gizzard & The Lizard Wizard;Blues
Miniman;Blues
Maÿd Hubb;Jazz
Michael Franti & Spearhead;Hip-Hop
Willow;Folk
Autoerotique;Blues
Approaching Nirvana;Blues
Payin;Unknown
Kryptic Minds;Classical
Infera;Classical
The Left;Electronic
HVOB;Classical
Jean du Voyage;Jazz
Bongripper;Unknown
Kate Moss;Classical
Four Tet;Unknown
Freundeskreis;Folk
Julia Michaels;Unknown
Kenneth G;Unknown
MISUN;Country
Complex;Rock
Cymbalta;Country
Boogie Belgique;Electronic
Claude VonStroke;Jazz
K-Def;Hip-Hop
Boyakaza;Reggae
Laidback Luke & Steve Aoki feat. Lil Jon;Electronic
Alesso;Folk
2 Chainz;Reggae
Archie Lee;Rock
Hermanez;Rock
Wesley Willis;Blues
Eurythmics;Blues
Ajja;Hip-Hop
Danny Darko;Jazz
avant gang;Jazz
twuan;Hip-Hop
YoungR;Reggae
Nyama;Electronic
Protokseed;Jazz
Ash Dargan;Unknown
Flogging Molly;Country
DJ Hazard;Rock
Moon Taxi;Blues
Groundation;Reggae
Дети;Country
The Bouncing Souls;Blues
Tai;Folk
Psychic Ills;Blues
Gregor Tresher;Jazz
Soak;Reggae
Klatschkind;Folk
Samy Deluxe;Country
Thomas Schumacher;Jazz
Sub Bass Monster;Rock
Oxmo Puccino;Jazz
Monocle Twins;Hip-Hop
Spartaque;Electronic
Tipper;Hip-Hop
Jack The Ripper;Reggae
Madison Mars;Classical
Don Diablo;Hip-Hop
Hobo;Country
Jah Melodie;Hip-Hop
LSB;Hip-Hop
MaybeTomorrow;Jazz
LSD;Classical
Tom Swoon;Unknown
Mind Against;Hip-Hop
Walk the Moon;Electronic
Jackal;Hip-Hop
East Park Reggae Collective;Folk
The Scribes;Classical
Pangea;Rock
[bsd.u];Classical
Alexandre Desplat;Jazz
Dorfex Bos;Hip-Hop
Radio Moscow;Country
070 Shake;Blues
R.Wan;Electronic
Can;Rock
Go Freek;Rock
Breakage;Rock
Mihai Pol;Unknown
Cody Lovaas;Hip-Hop
Watkin Tudor Jones;Classical
Mac Miller;Country
Mondotek;Electronic
DuWell;Jazz
Kognitif;Electronic
Rob Sonic;Blues
Yassin;Electronic
Basic;Jazz
Inspired Flight;Electronic
Simon Resoul;Rock
Mr Virgo;Reggae
King Geedorah;Country
The Geek x Vrv;Electronic
DJ Krush;Jazz
Y0UNG PH0BIA;Country
Boeboe;Jazz
Synthatic;Unknown
JPEGMAFIA;Blues
Ramiro Lopez;Blues
Sweet Tea;Folk
Asante;Country
Kid Koala;Jazz
Infekt;Electronic
Yotto;Hip-Hop
Paul Kalkbrenner;Hip-Hop
Shells;Hip-Hop
Moguai;Folk
Rowney;Folk
Ritmo;Classical
Rootkit;Hip-Hop
Lil Jon;Classical
DJ Raff;Reggae
Will Claye;Blues
Smino;Reggae
Pairanoid;Unknown
The Future Sound of London;Hip-Hop
Kalpataru Tree;Jazz
Future;Classical
Klems;Jazz
Purity Ring;Rock
Inglebirds;Electronic
Magna Cum Laude;Rock
Jay Lumen;Unknown
Tes;Hip-Hop
MC Livinho;Country
Asagaya;Jazz
M83;Unknown
Romano;Blues
Damu The Fudgemunk;Blues
Erik Sumo Band;Jazz
Hippie Sabotage;Rock
Technical Hitch;Jazz
Eloquent;Hip-Hop
Beck;Unknown
Rostam;Rock
The Pains of Being Pure at Heart;Rock
Mike Candys;Reggae
Medi;Reggae
Symphonix;Folk
Smoke Sign;Reggae
Mano Le Tough;Rock
Ray Okpara;Unknown
King Tubby;Electronic
Dubblestandart;Hip-Hop
Dan Bull;Blues
AK;Hip-Hop
Pyramid Vritra;Electronic
Mr Zebre;Classical
Ben esser;Folk
Beanie Sigel;Unknown
Quintino;Country
Jungle;Jazz
Animal Picnic;Blues
Lord Finesse;Blues
K-Motionz;Reggae
Apashe;Jazz
davay;Country
The Nextmen;Folk
Astrid Engberg feat. Mattic;Hip-Hop
Supernem;Blues
Abby;Unknown
Bleached;Hip-Hop
Desert Sessions;Blues
Dubians;Hip-Hop
Daddy Yankee;Jazz
Starley;Country
Kacem Wapalek;Reggae
Explosions in the Sky;Country
Martin Jensen;Rock
Total Chill Out Empire;Blues
Poldoore;Classical
Linguistics;Unknown
Avenged Sevenfold;Blues
High Math;Country
Death from Above 1979;Classical
MAKENESS;Rock
Talib Kweli;Rock
Childish Gambino;Electronic
Friend Within;Country
Shady Nate;Jazz
Flower Fairy;Reggae
Marla Blumenblatt;Classical
Trik;Hip-Hop
MiND VOiD;Reggae
Serge Devant;Electronic
Black Math Horseman;Electronic
Blaak Heat Shujaa;Folk
Jumo;Unknown
Nils Hoffmann;Reggae
The Architect;Classical
The Revolutionaries;Country
jhfly;Folk
Shigeto;Jazz
Romulus;Rock
Fliptrix;Classical
Smilla;Electronic
Tapes 'n Tapes;Folk
Abraham Inc.;Reggae
Big Shaq;Hip-Hop
Miguel;Jazz
Brant Bjork;Folk
Jai Wolf;Classical
DR;Electronic
7FT Soundsystem;Reggae
Cha-Cha;Reggae
Lucrecia Dalt;Jazz
White Shadows;Rock
Two Steps from Hell;Unknown
Klopfgeister;Unknown
Imperials;Blues
Valley of the Sun;Unknown
Romare;Reggae
Den BB;Jazz
Aglory;Jazz
[dunkelbunt];Folk
Yung Lean;Hip-Hop
Two Lone Swordsmen;Country
Sleepy Sun;Folk
Electrelane;Rock
Reindependence;Reggae
Soho;Reggae
Brock Berrigan;Blues
The Oddword;Folk
Manu Chao;Classical
C-Trox;Unknown
Karma Fields;Reggae
Musicboxes;Hip-Hop
Nyko;Country
MoTrip;Country
Kriess Guyte;Rock
trAnzKaPHka;Folk
Blockhead;Jazz
Crystal Fighters;Folk
Socalled;Unknown
Bone Thugs-N-Harmony;Folk
The Police;Rock
BCee;Reggae
Balkan Fanatik;Jazz
Diplo;Rock
Jess Glynne;Classical
Kankick;Folk
Guns Of Brixton;Jazz
Iswhat?!;Electronic
Area 11;Country
Tlb;Country
Ambient Nature project;Rock
Dubamine;Rock
Ziggy;Jazz
Burial;Hip-Hop
Lykke Li;Rock
Sole;Blues
Hadouken!;Rock
Vektor;Unknown
Astrid S;Reggae
Catfish and the Bottlemen;Jazz
Home;Unknown
Kanye West;Country
Mike Maass;Blues
Biorobot;Rock
Leaf Hound;Reggae
Special M;Blues
Psilocybe Project;Jazz
Architekt;Hip-Hop
The Flaming Sideburns;Jazz
Dope Ammo;Reggae
Marcus Schössow;Reggae
Carla Thomas;Hip-Hop
Dj Logilo;Jazz
Tijuana Panthers;Hip-Hop
DMX;Electronic
DevelopMENT;Unknown
Chet Porter;Rock
Metrik;Country
Danny Brown;Classical
The Broken Keys;Blues
Phenomden;Unknown
Ukato;Reggae
Metric;Classical
Resonance;Reggae
Raven & Kreyn;Country
The Holydrug Couple;Classical
Taoh;Folk
Michl;Folk
Dillon Cooper;Hip-Hop
Sangue Bom;Reggae
Tear da Club Up Thugs;Blues
ID;Unknown
Hd;Folk
Mac DeMarco;Jazz
Alryk;Classical
DJ Premier;Blues
ONYVAA;Jazz
Thousand Foot Krutch;Unknown
Akasha Experience;Unknown
Dusky;Country
Frank Black;Folk
CHVRCHES;Electronic
FlexFab;Blues
Sör és Fű;Electronic
Woodkid;Hip-Hop
Jah Gaïa;Electronic
Wolf People;Folk
MitiS;Reggae
Troy;Blues
Township Rebellion;Jazz
Mono/Poly;Rock
Nout Heretik;Hip-Hop
Solo Banton;Jazz
Echos;Rock
Nymano;Rock
Tor;Blues
B0nds;Unknown
Junk Science;Classical
Kaspiyskiy Gruz;Country
Cherry Coke;Country
Blues Pills;Hip-Hop
Roe Deers;Country
Coops;Hip-Hop
Osmik;Classical
Reality Test;Hip-Hop
Lazy Habits;Unknown
Fujiya & Miyagi;Reggae
The Asteroid #4;Classical
LRKR;Hip-Hop
Červen;Unknown
Bicep;Unknown
Christian Death;Electronic
Electric Moon;Classical
General Elektriks;Folk
Astral Projection;Jazz
Dj Fabio & Moon;Classical
Galantis;Country
Sasquatch;Electronic
Electric Guest;Classical
Daft Punk;Folk
Tame Impala;Jazz
Antiquark;Classical
Akshin Alizadeh;Unknown
Norken;Unknown
Benny Benassi;Rock
Alesha Dixon;Folk
Hail Mary Mallon;Jazz
Tetouan;Jazz
Imagine Dragons;Rock
Sporto Kantès;Rock
Chuck Inglish;Classical
Cut Chemist;Rock
Halsey;Folk
The Graviators;Reggae
Jon Bovi;Unknown
Atriohm;Rock
Mathew Jonson;Classical
Bright Eyes;Unknown
Roots Manuva;Unknown
The Strange Attractors;Reggae
Puma Blue;Rock
Freak Strano;Unknown
Mercer;Unknown
Lucy Dacus;Classical
Sweatshop;Unknown
Lexicon;Country
csizmi;Classical
Beat Assailant;Reggae
Weval;Classical
Ramson Badbonez;Country
The Cloaks;Unknown
Nico Yaryan;Country
Arcek;Electronic
Kronno zomber;Hip-Hop
Group Home;Classical
Midlake;Electronic
HORSE the band;Reggae
Fort Romeau;Blues
Siriusmo;Hip-Hop
MK;Jazz
Sean Price feat. Tek;Country
Chocolate Puma;Folk
Wildbirds & Peacedrums;Blues
Mightyfools;Rock
Elogik;Reggae
Incubus;Blues
MED;Classical
Max Richter;Hip-Hop
Madben;Folk
Band of Horses;Electronic
NB;Rock
MEM;Folk
Fat Sushi;Jazz
Cosmic Kids;Folk
The Dynamics;Reggae
Phlegmatic Dogs;Country
Palmetta;Rock
Leon Bolier;Reggae
Coone;Rock
Cro;Rock
Fink;Classical
Rihanna;Folk
Vertical Mode;Jazz
Berg;Classical
Yung Pinch;Reggae
The Gaslamp Killer;Hip-Hop
Vulfpeck;Country
Manfredas;Folk
Oktoberfest Gaudiband;Blues
Michna;Electronic
Makrohang;Blues
Küberünnak & Karmo;Unknown
Telemachus;Electronic
Hilight Tribe;Classical
MissHMusic;Electronic
Paul Psr Ryder;Hip-Hop
Ferris MC;Rock
Extra Medium;Reggae
Sepalot;Rock
Frankyeffe;Rock
Kip Moore;Reggae
Peter Bradley Adams;Hip-Hop
Killason;Hip-Hop
Radium;Reggae
Talamasca;Unknown
Witchcraft;Unknown
Dubfire;Hip-Hop
Vandal;Country
Nu;Hip-Hop
Turisas;Rock
o.b.f;Hip-Hop
Ledeunff;Electronic
Epic Rap Battles Of History;Rock
Earthless;Blues
Black Moth Super Rainbow;Classical
Dozer;Country
Lil' Kim;Blues
Pianos Become the Teeth;Folk
La Luz;Unknown
Evokings;Electronic
Rebelution;Blues
The Beatnuts;Reggae
DANGERDOOM;Blues
Sightings;Unknown
Antelope;Folk
Lez Moné;Hip-Hop
Golden Features;Blues
Yowii;Folk
Of the Trees;Country
Solid Sessions;Rock
iLLBiLLY HiTEC;Folk
Drake;Country
Om;Jazz
Pannonia Allstars Ska Orchestra;Electronic
Edgar Wasser;Classical
Agathocles;Unknown
Robin Hustin;Electronic
Blockboy;Rock
Dr. Monster;Hip-Hop
Bear vs. Shark;Hip-Hop
Woo2tech;Electronic
Helena Hauff;Rock
Funkdoobiest;Reggae
Jam Baxter;Reggae
Machine Gun Kelly;Folk
Frook;Rock
Metr;Rock
Deceptikon;Electronic
Dignan Porch;Electronic
Gnarls Barkley;Unknown
Gaël Faye;Jazz
Jack Beats;Folk
Kamchatka;Reggae
Madjo;Reggae
Floxytek;Unknown
äl Jawala;Unknown
Gramatik;Hip-Hop
Big Yamo;Jazz
Holy Fuck;Unknown
Adana Twins;Unknown
Max Manie;Country
Mad Maxx;Rock
Antonín Dvořák;Unknown
MarQ Spekt & Blockhead;Reggae
twoloud;Country
Ambassadeurs;Country
Rupert Gregson-Williams;Country
Kiiara;Blues
Haywyre;Electronic
rumba;Jazz
Der Dritte Raum;Electronic
Passion Pit;Classical
Ilario Alicante;Reggae
Surreal & The Sound Providers;Jazz
Stefan Stürmer;Blues
MC Kevinho;Electronic
MS MR;Country
Philthy Chit;Classical
Bensley;Electronic
Carusella;Electronic
Ocean Wisdom;Hip-Hop
Dub Dynasty;Blues
Johnny Mauser;Reggae
Lucky Elephant;Reggae
Puscifer;Reggae
Monkey3;Classical
Jacob Tillberg;Folk
Watmastaz;Classical
Medium Troy;Reggae
R. Kelly;Reggae
The Mouse Outfit;Unknown
Chinese Man;Classical
Warriors;Unknown
J.Views;Country
Stephen Kent;Blues
21 Savage;Country
BANKS;Reggae
Steel Pulse;Blues
Geovarn;Electronic
Hiatus;Blues
Prinzhorn Dance School;Electronic
Savlonic;Blues
Nein Mann;Blues
OVERWERK;Hip-Hop
Plastic Bertrand;Hip-Hop
Joi Cardwell;Folk
Akes;Reggae
My Bloody Valentine;Unknown
Rodriguez Jr.;Hip-Hop
DZA;Unknown
Thriftworks;Reggae
Taggy Matcher;Blues
TC;Hip-Hop
Under Dub;Rock
J.Robb;Country
Nod One's Head;Jazz
Lady Chann;Unknown
Liu;Jazz
DZP;Electronic
U2;Country
George Ezra;Hip-Hop
Suplecs;Unknown
Niall Horan;Country
flatpocket;Jazz
Frey;Hip-Hop
Ben Pearce;Country
Qred;Country
The Rapture;Hip-Hop
The Four Owls;Electronic
Venom Hardtek;Classical
Jaylib;Jazz
Lil Uzi Vert;Country
Krama;Unknown
Eighty Ninety;Country
Christopher Schwarzwälder;Unknown
Truth;Rock
Mount Kimbie;Country
DJ Nu-Mark;Classical
Mc Jhey;Blues
Epic Empire;Rock
Rancho Relaxo;Jazz
Lil B;Folk
Bob Sinclar;Blues
Lil C;Unknown
Broken Back;Rock
City Girls;Country
Joris Delacroix;Country
Brain Damage;Rock
W.F. Project;Country
Jai Paul;Reggae
British Murder Boys;Unknown
Ámokfutók;Hip-Hop
Kobito;Country
Demon Queen;Jazz
Teknival Damage 2009;Hip-Hop
Marascia;Classical
Projekt Rakija;Unknown
Quebonafide;Jazz
Ohmna;Classical
Italobrothers;Electronic
Ghostemane;Blues
minthaze;Folk
GZA/Genius;Hip-Hop
Love Grocer;Blues
Causa Sui;Country
Kygo;Hip-Hop
The Underachievers;Unknown
Jaycut;Classical
Felix Snow;Classical
Jordan Critz;Reggae
Sinister Souls;Blues
Pendulum;Blues
teser;Hip-Hop
White Katana;Electronic
Vera Blue;Blues
Ben Nicky;Electronic
Stoney Moe;Country
FankaDeli;Jazz
Fishtank Ensemble;Country
Baauer;Folk
Skip & Die;Electronic
Oliver;Jazz
Single Friend;Hip-Hop
The Japanese House;Reggae
TheShowCrew;Folk
Fiva;Classical
Möwe;Classical
Blackbear;Unknown
ONEDEFINED;Jazz
Deerhunter;Unknown
Juan Calderon;Rock
Vérité;Folk
Illyah & Ltd. Candy;Electronic
The Dolly Rocker Movement;Classical
Powers;Jazz
Noble Oak;Folk
Karnage;Rock
Cliff Lin;Jazz
Mouth of the Architect;Electronic
Party Favor;Electronic
Break;Hip-Hop
Jah Shaka;Rock
R I T U A L;Rock
Krawall;Jazz
Starfucker;Classical
No Comment;Blues
Francesca Belmonte;Blues
Tree House Fire;Jazz
Baroness;Hip-Hop
NxxxxxS;Rock
László Méhes;Folk
Joey Diaz;Rock
Bro Safari;Classical
YT;Country
Dub Trio;Jazz
Scubaroots;Classical
Hosok;Classical
Umse;Country
Tinush;Country
idealism;Classical
Woodie Smalls;Folk
Defunk;Jazz
Rainer + Grimm;Hip-Hop
Micachu & The Shapes;Unknown
Melkeveien;Reggae
Rolling Blackouts Coastal Fever;Folk
Tour De Force;Classical
Daniel Portman;Country
Prefuse 73;Folk
Yes King;Jazz
Tobacco;Hip-Hop
Carpet Patrol;Hip-Hop
Low;Folk
Kalipo;Reggae
Brother Culture;Electronic
13th Floor Elevators;Country
Density & Time;Hip-Hop
Mos Def;Blues
Parquet Courts;Classical
Command Strange;Hip-Hop
Adan Hüjens;Rock
Feist;Unknown
Free Moral Agents;Folk
Frantic Noise;Classical
Bro & Toons;Unknown
John Holt;Blues
State of Sound;Folk
Hard Bass School;Hip-Hop
Shout Out Louds;Electronic
Grouch in Dub;Country
Earthspace;Folk
Hampenberg & Alexander Brown;Blues
Soulacybin;Blues
Lil Lotus;Classical
Paul Ritch;Folk
Wavves;Jazz
Robert Lee;Reggae
Zu;Classical
Passenger;Reggae
Moontales;Unknown
Benny Blanco;Jazz
Mayhem;Unknown
Tropical Bleyage;Jazz
Bob Marley & The Wailers;Jazz
Gyvus;Rock
Emma Louise;Country
JP Cooper;Classical
Erickson;Classical
Pretty Lights;Electronic
Lucas Luck;Folk
Buraka Som Sistema;Reggae
Alex Stein;Unknown
Discharge;Rock
Carlo Ruetz;Hip-Hop
The Undercover Hippy;Blues
Derek Martin;Classical
Andreas Henneberg;Rock
Laserkraft 3D;Folk
Fidlar;Classical
Scarecrow Blues Hip Hop;Rock
Borgore;Blues
Day;Classical
Meï Teï Shô;Rock
Dutty Moonshine;Folk
Chelsea Cutler;Classical
Elliot Moss;Rock
Medison;Hip-Hop
Gábor Reviczky;Unknown
La Femme;Electronic
Datune;Rock
Circle Research;Hip-Hop
W&W;Electronic
Bob Marley;Unknown
Amon Tobin;Blues
N-Trance;Jazz
Starslav;Reggae
Sharam;Blues
Grits;Classical
Mauricio Traglia;Hip-Hop
Beach House;Jazz
Keizer;Reggae
Daughter;Country
Scientist;Reggae
Promoe;Folk
Justin Quiles;Folk
Rockstah;Classical
Kabaka Pyramid;Reggae
N3GUS feat. Jakes;Blues
Abstract Rude;Classical
Psykovsky;Unknown
Seven Monkeys;Reggae
The Faint;Hip-Hop
Nirvana;Unknown
Grossstadtgeflüster;Classical
Liars;Reggae
Robot Needs Oil;Blues
Samiyam;Electronic
Harvey Milk;Hip-Hop
Chefket;Electronic
Earth;Country
Igorrr;Hip-Hop
Doktor Froid;Reggae
Djrum;Folk
Need for Mirrors;Classical
Isis;Unknown
Foster the People;Blues
Die! Die! Die!;Folk
Lua;Unknown
Britta Arnold;Classical
La Fine Equipe;Reggae
Paolo Baldini DubFiles;Rock
TRFN;Folk
Joy Fagnani;Folk
Lum;Hip-Hop
Adam Tensta;Classical
Hippocampe Fou;Country
Obsidian Project;Classical
Holy Goof;Classical
Tender;Unknown
Rainbows Are Free;Rock
Guru;Folk
Lotek;Classical
DJ Brockie;Reggae
Orquesta del Desierto;Country
Doris Duke;Hip-Hop
JinSang;Electronic
Wizard;Country
Soul Keita;Rock
The Mad Lads;Folk
Azax Bliss;Electronic
Projekt Gummizelle;Rock
Peanut Butter Wolf;Classical
Three 6 Mafia;Rock
Pallbearer;Jazz
Atacama;Hip-Hop
Distrion;Reggae
Pablo Nouvelle;Reggae
Thepetebox;Rock
Majid Jordan;Jazz
Niia;Electronic
Zebda;Classical
Rrose;Unknown
Die Orsons;Hip-Hop
Lukid;Country
leaf beach;Unknown
Rockamovya;Country
White Hills;Country
Virtual Riot;Electronic
Reel People;Unknown
mt. fujitive;Blues
Lewis Watson;Blues
Lovegun;Reggae
Darwin & Backwall;Hip-Hop
Deego;Jazz
Dosem;Hip-Hop
S.Y.N.O.;Hip-Hop
Russ;Reggae
The Orwells;Hip-Hop
Dark Whisper;Folk
Justin Massei;Folk
Tom Scott;Electronic
Ackboo;Reggae
Greg Laswell;Blues
Klanglos;Reggae
Fearsome Engine;Jazz
Guts;Country
HawkTail;Electronic
lucille crew;Rock
La Fanfare en Pétard;Blues
Freaky Bass & Eric Mendosa ft Max C - Clash Ü Remix;Blues
Pond;Electronic
Senbeï;Folk
MC Xander;Folk
Teao Sense;Jazz
Tish Hyman;Rock
Modill;Country
Violetshaped;Folk
Large Professor;Unknown
Dub Pistols;Jazz
Otto Knows;Unknown
Bandana;Electronic
Pop Art;Blues
RL Grime;Hip-Hop
Frixion Fanatic;Folk
Curly;Folk
I Am Legion;Electronic
Matt Chowski;Unknown
Peat Noise;Jazz
Pigeon John;Rock
Benassi Bros.;Rock
NATUREBOY FLAKO;Hip-Hop
R3hab;Blues
Subshock & Evangelos;Hip-Hop
foor;Unknown
Tinashe;Hip-Hop
Dizraeli;Jazz
Rakoon;Blues
Dutta;Jazz
Chaker;Hip-Hop
Grandloom;Classical
Joel Adams;Hip-Hop
Project 46;Folk
Fard;Electronic
Deekline;Jazz
Maotai;Unknown
DJ Rentgen;Hip-Hop
Harris Cole;Hip-Hop
Bentech;Classical
Earth Wind & Fire;Reggae
Gentle Mystics;Electronic
Atlantic Haze;Reggae
Mellow Mood;Electronic
The Japanese Popstars;Rock
By Any Means;Hip-Hop
Hella;Classical
Clouds;Jazz
Vibronics;Folk
Macklemore & Ryan Lewis;Hip-Hop
whaTaRWoll Music;Hip-Hop
Sidney Samson & Martin Garrix;Country
Drunken Masters;Reggae
Prinz Pi;Jazz
Matt Easton;Classical
Tsunami Wazahari;Rock
Trifonic;Reggae
Mo Kalamity;Blues
Rituals of Mine;Unknown
Godamn;Hip-Hop
International Observer;Electronic
The Lions;Folk
Helly;Unknown
Salut C'est Cool;Electronic
Watermät;Classical
Afrojack;Classical
Salomé de Bahia;Country
Hard Rock Sofa;Unknown
Curse Ov Dialect;Unknown
Slightly Stoopid;Blues
Capleton;Folk
Code3000;Jazz
Berner;Country
Gestört Aber GeiL;Rock
Electric Light Orchestra;Reggae
Die Gebrüder Brett;Rock
Zion & Lennox;Jazz
Mat Weasel Busters;Folk
SwizZz;Rock
SOJA;Hip-Hop
Five A.M.;Folk
Adriel Favela;Unknown
Molotov;Reggae
Bass Santana;Electronic
David Garez;Hip-Hop
Kendrick Lamar;Blues
Anticeptik;Jazz
Hatikwa;Country
Arure;Electronic
Ghostpoet;Jazz
Akhenaton;Reggae
Miyagi;Electronic
chillheimer;Blues
French Montana;Hip-Hop
Czarface;Jazz
Mr.What?;Electronic
WAILING TREES;Folk
Mat.Joe;Blues
Encephalopaticys;Electronic
A$AP Rocky;Folk
Adventure Time Feat. Pigeon John;Blues
Lunice;Reggae
Cyantific;Jazz
Justin Jay;Classical
TRMRS;Blues
Benjie;Classical
Brayton Bowman;Country
New Candys;Electronic
Sub Verso;Blues
Devochka;Classical
Dennis Lloyd;Hip-Hop
Sonic Youth;Blues
Mädness;Country
IAMU;Unknown
Ariana Grande;Classical
loftii;Reggae
Doug Benson;Electronic
Matt & Kim;Rock
The Shins;Country
Sumiruna;Reggae
usnk;Country
moth circuit;Blues
Marina P;Unknown
Icarus;Folk
Soom T;Blues
The Beatles;Classical
Olivier Giacomotto;Blues
The Third Sound;Jazz
Jordan Comolli;Blues
NAV;Folk
Double Cream;Country
Cash Cash;Unknown
Alarach;Blues
Dynamite Deluxe;Reggae
Sayem;Blues
Kölsch;Country
Hot X;Reggae
Static Movement;Reggae
Belik Boom;Hip-Hop
Joeshort;Jazz
Illusionize;Unknown
Maissouille;Folk
UMEK;Blues
Madeaux;Hip-Hop
Dennis Cruz;Blues
Naam;Blues
Badpojken;Folk
Kilian;Country
Kyuss;Classical
The Blaze;Electronic
Enrico Sangiuliano;Country
Canibus;Folk
MarQ Spekt & Blockhead feat. Raq;Hip-Hop
Dopplar;Blues
JETFIRE;Folk
Okupe;Folk
Henrique Camacho;Electronic
Take/Five;Folk
Xellex;Unknown
By the Rivers;Rock
Layton Giordani;Blues
Son of Kick;Unknown
Moop Mama;Hip-Hop
Birds Are Indie;Jazz
Ann Peebles;Hip-Hop
Audiohell;Folk
Max;Jazz
Kopel;Country
Maz;Jazz
Shiba San;Hip-Hop
Anti-Lilly & Phoniks;Reggae
Hyperflow;Jazz
Bougenvilla;Jazz
Wallem Brothers;Electronic
AnnMarie Stanislaus;Reggae
Hermano;Electronic
Laid Blak;Rock
Analog Rebellion;Classical
DJ Tomekk;Jazz
Spektre;Country
Restless Leg Syndrome;Rock
Marley Marl;Rock
Guano Padano;Folk
Ed Scissor;Classical
James;Reggae
Flow & Zeo;Rock
Masters of Reality;Country
The Whistlers;Jazz
Irma Thomas;Hip-Hop
Controller 7;Hip-Hop
The Re-Stoned;Blues
Min & Mal;Country
Akkezdet Phiai;Folk
Tomcraft;Jazz
Mr. Grevis;Jazz
Groovejuice;Folk
The Intelligence;Folk
Christian Löffler;Folk
Cupp Cave;Jazz
Buggsy;Rock
Skue-K;Jazz
Arctic Monkeys;Country
Mr Trau;Reggae
A.N.D.Y.;Reggae
Zebra Katz;Folk
Die Toten Hosen;Hip-Hop
Ahzumjot;Classical
somni;Electronic
Whitesnake;Jazz
Iyahkayah;Jazz
Dirty Palm;Unknown
Antibalas Afrobeat Orchestra;Folk
Uto;Electronic
Icke & Er;Unknown
Teesy;Rock
Lorelle Meets The Obsolete;Reggae
G-Rapp;Unknown
Torche;Country
Martin Garrix;Unknown
Hybrid Theory;Blues
Kaskade & deadmau5;Unknown
Primal Beat;Country
InsideInfo;Rock
Manuellsen;Jazz
TV on the Radio;Hip-Hop
Benno Blome;Country
Powell;Classical
Wendy Rene;Classical
Moby;Blues
The Him;Reggae
Dave Winnel;Electronic
Lewis Del Mar;Blues
Boulcy;Blues
Ben E. King;Jazz
Alabama Shakes;Jazz
Alex Cruz;Rock
Jehst;Rock
Ranji;Country
MORE LIKE TREES;Hip-Hop
Railex Beatz;Folk
Deep Puddle Dynamics;Rock
Rag'n'Bone Man;Reggae
Bones;Reggae
Bryan Kearney;Electronic
Jon Hopkins;Jazz
Jane XØ;Hip-Hop
Noctilus;Electronic
The Synchronizers;Blues
Maztek;Jazz
Oh No;Electronic
Gaiser;Blues
N3gus;Folk
Dirty Honkers;Classical
Pleasurekraft;Classical
Spud;Classical
The Toyes;Hip-Hop
Lincoln Jesser;Jazz
Grizzly Bear;Rock
Amewu;Classical
Vince Staples;Folk
Dave Darell;Rock
Tamborder;Folk
Wolf & Cub;Classical
Breaking Benjamin;Blues
Hedex;Hip-Hop
Calippo;Country
Commix;Jazz
Luchs;Electronic
Da Vosk Docta;Unknown
Swennoh;Folk
Archive;Folk
Alec Troniq;Hip-Hop
Thug Life;Unknown
Jamie xx;Folk
Demograffics;Electronic
Michael St Laurent;Rock
Molife;Jazz
Easy Star All-Stars;Reggae
The Scientist;Hip-Hop
Shura;Unknown
Bellecour;Unknown
Fox Stevenson;Hip-Hop
IAMISEE;Electronic
Playboi Carti;Jazz
Dinner and a Suit;Electronic
Djedjotronic;Hip-Hop
Platinum Doug;Folk
Feine Sahne Fischfilet;Blues
Anja Schneider;Rock
sleepdealer;Folk
Tripswitch;Jazz
jaZzmin;Classical
Jan Blomqvist;Classical
Maiki Vanics;Unknown
Miro Pajic;Hip-Hop
Skepsis;Rock
Alex M.;Unknown
Afroman;Reggae
Amine Edge;Reggae
Melosense;Reggae
Flume;Hip-Hop
Empire of the Sun;Jazz
Christian Smith;Reggae
Drauf & Dran;Unknown
Daddy's Groove;Electronic
PandRezz;Hip-Hop
Manian;Rock
Crazy Astronaut;Reggae
Johnny Rakete;Unknown
P.E.O;Reggae
Bad Wizard;Hip-Hop
NKS;Folk
Britney Spears;Jazz
The Antlers;Classical
Electrypnose;Folk
KLANGtherapeuten;Reggae
METZ;Folk
Flowjob;Blues
James Marvel;Blues
Black Sun Empire;Hip-Hop
United Fools;Blues
Amplive;Reggae
The :Egocentrics;Jazz
L'indécis;Country
EarthGang;Blues
Mimosa;Unknown
Kloud;Blues
Feed Me;Jazz
Dye;Classical
A R I Z O N A;Electronic
Halogenix;Rock
Jex Thoth;Hip-Hop
RÜFÜS;Hip-Hop
Le Cercle;Country
Vice;Electronic
Les Enfants Sages;Blues
Inlakesh;Hip-Hop
Mop Mop;Classical
Kabanjak;Rock
Wolfgang Amadeus Mozart;Blues
Far Too Loud;Reggae
Fuzz Rico;Electronic
MC Kekel;Classical
Ozzy Osbourne;Reggae
Shabazz the Disciple;Unknown
Apex Rise;Jazz
Gustavo Santaolalla;Jazz
Dooz Kawa;Electronic
Dimitri Vegas;Folk
I-Fire;Jazz
Tincup;Unknown
Milk Coffee & Sugar;Folk
Shermanology;Jazz
Caezer;Rock
Stereo Express;Country
Gege;Hip-Hop
Chrome Sparks;Hip-Hop
Buffalo Killers;Rock
George McCrae;Jazz
Samwise;Rock
Justin Bieber;Blues
Alligatoah;Country
GLXY;Reggae
KAS:ST;Electronic
Wordsmith;Hip-Hop
Fabrication;Country
Fayçal;Hip-Hop
Durs;Rock
Dirty Radio;Classical
Sarcastic Sounds;Reggae
Sick Puppies;Jazz
Soleeman;Electronic
Phfat;Reggae
Telstar Sound Drone;Jazz
Chacha;Electronic
A Place to Bury Strangers;Unknown
La Phaze;Rock
BabyHead;Folk
Claudinho Brasil;Classical
Jeru the Damaja;Unknown
One Self;Unknown
Plastikman;Reggae
Jefferson Airplane;Rock
JMPZ;Country
Mr. Scruff;Reggae
Croquet Club;Jazz
Bush Chemists;Electronic
Chicane;Electronic
Madcon;Electronic
Shawn Lee;Electronic
Alia;Hip-Hop
Nishin Verdiano;Blues
Ondubground;Country
Symbolic;Reggae
MC Fitti;Blues
Zhestyanshiki;Blues
Julian;Folk
Slumberjack;Unknown
Jesus On Heroine;Folk
Tujamo;Rock
257ers;Jazz
Shuko;Hip-Hop
Audiopharmacy;Hip-Hop
Idles;Blues
Nathan Goshen;Electronic
Frizzy P & Mr Cole;Classical
Hoosky;Rock
Sam Paganini;Blues
Los Albertos;Folk
A$AP Mob;Folk
Djemdi;Rock
Savana Station;Rock
VALNTN;Rock
Thales Dumbra;Country
Billx;Country
The Beets;Electronic
Amy Winehouse;Jazz
Baby Woodrose;Folk
Wolfra;Folk
Health;Country
Eric Nam;Country
DaVinci Code;Electronic
Liquid Sound Company;Unknown
Ganjaman;Hip-Hop
Beyoncé;Blues
View;Folk
Jerome Isma-Ae;Electronic
Le Parasite;Unknown
Flora Yin-Wong;Electronic
Unkle Ho;Rock
Soul Square;Jazz
_tag;Classical
Syringe;Hip-Hop
My Sleeping Karma;Jazz
King General Re encounters The Bush Chemists;Unknown
Zentura;Hip-Hop
Alma;Rock
MNNR;Folk
De La Ghetto;Unknown
Felix Bernhardt;Electronic
Dub Fx;Hip-Hop
Elderbrook;Classical
Moow;Electronic
The Red Army Choir;Folk
Amir Obe;Country
Laughing Buddha;Country
Ephwurd;Rock
Primitive Life;Country
Sundial;Classical
Jah Screechy;Unknown
Steve Winwood;Rock
Notion;Rock
Mr. Skeleton;Rock
Indianix;Jazz
Claptone;Country
Boards of Canada;Blues
Techno Frühstück;Reggae
Boy Azooga;Jazz
Gregori Klosman;Jazz
Miss Kittin;Electronic
Kohib;Country
Skero;Folk
Freddie Joachim;Unknown
Grimy Styles;Reggae
Liza Anne;Blues
Télépopmusik;Classical
Alpha Steppa;Rock
The Notorious B.I.G.;Country
Tkrd;Hip-Hop
WhoMadeWho;Blues
Slackwax;Unknown
Malaa;Country
Fungus Funk;Hip-Hop
Cyber Buddha;Hip-Hop
Mood;Blues
Blasta;Hip-Hop
Trojan;Jazz
Ex-Cult;Reggae
Ed Sheeran;Folk
Avatar Young Blaze;Electronic
Tenacious D;Reggae
Rising Dust;Folk
B-Tight;Unknown
DCUP;Unknown
Zombie Zombie;Folk
Mike Metro;Reggae
Antonio Banderas;Country
D-Operation Drop;Folk
Laidback Luke;Electronic
LSDream;Jazz
Fabio Fusco;Rock
A.N.A.L.;Reggae
21 Saddness;Electronic
Dr. Syntax;Unknown
deadmau5;Electronic
W&w And Ummet Ozcan;Folk
Pep & Rash;Classical
FREE FLOW FLAVA;Reggae
Ann Clue;Jazz
Flevans;Rock
Genz;Hip-Hop
Josh Martinez;Rock
Pama International;Electronic
Art Department;Rock
Fjord;Folk
Ron Don;Unknown
Mr Benn;Folk
Tablo;Electronic
Liquid Soul;Reggae
Tiësto & Steve Aoki;Classical
Buttering Trio;Country
Dash Groove;Country
mgm grand;Unknown
Nate57;Blues
Cabaret Nocturne;Unknown
Krúbi;Electronic
Jordy Dazz;Hip-Hop
C Y G N;Unknown
Heatbeat;Hip-Hop
Ultimate Spinach;Rock
Jonwayne;Jazz
PANDAmic;Classical
Solguden & Mannen;Rock
Twisted Circuit;Unknown
AKOV;Rock
Clogs;Reggae
Danell Arma;Jazz
Bruce Dickinson;Country
Hucci;Hip-Hop
King;Reggae
City of the Sun;Classical
Leonard Cohen;Blues
Ichi;Unknown
Kollektiv Turmstrasse;Unknown
The Naked and Famous;Rock
The Heavy;Reggae
Chief Keef;Country
Slydtek;Reggae
Lil Fetti Boi;Unknown
Groove Delight;Folk
Eau Rouge;Jazz
Tom Waits;Rock
Above & Beyond;Classical
M-Phazes;Reggae
Cam'ron;Reggae
Guilty Simpson;Reggae
Tropkillaz;Jazz
Two Door Cinema Club;Classical
Kool G Rap;Electronic
High Tone;Rock
Matthew Dear;Electronic
Unlike Pluto;Folk
Laurie Robinson;Blues
Arizona Zervas;Country
Papa Style & Baldas;Folk
Oddisee;Rock
Black Star;Jazz
Låpsley;Hip-Hop
Omid;Classical
BLESS of SHAHMEN;Hip-Hop
Tall Heights;Hip-Hop
Madlib;Jazz
1. FC Oktoberfest;Hip-Hop
Brianna;Jazz
Bebe Rexha;Reggae
Connan Mockasin;Classical
Henry Fong;Classical
Tkyd;Reggae
Progressive Goa Trance;Blues
Sagi Abitbul;Blues
Mice Parade;Folk
Duchess Says;Rock
Lemur;Jazz
Ben Howard;Blues
Pete Rock;Rock
NexXthursday;Classical
Washed Out;Blues
Ghanaian Stallion;Rock
Ellen Allien;Folk
Kizaru;Folk
Hans Zimmer;Jazz
John Frum;Classical
Balkan Beat Box;Country
Paradize;Country
INGLOURIOUS BASTARDZ;Folk
The Doppelgangaz;Folk
Whipped Cream;Unknown
Secondcity;Folk
Daddy’s Groove;Reggae
Robert Babicz;Jazz
Lynyrd Skynyrd;Reggae
Tony Junior;Jazz
Paper Tiger;Hip-Hop
The Pedestrians;Unknown
Sidney Charles;Hip-Hop
New Town Kings;Hip-Hop
Herring Franky;Electronic
Hypogeo;Unknown
Mura Masa;Electronic
40 Winks;Rock
Tirpa;Hip-Hop
Iron & Wine;Folk
Theory of a Deadman;Hip-Hop
Beowülf;Country
Emergency!;Blues
Document One;Classical
$IHENC;Hip-Hop
<Unknown>;Blues
Patrice Bäumel;Folk
Aynell;Hip-Hop
Hermitude;Rock
Rusty K;Folk
Ganga Giri;Rock
Young Rival;Hip-Hop
Vintage Culture;Rock
Shuggie Otis;Folk
Elder Island;Reggae
WarChild;Country
Axwell;Electronic
Left Boy;Reggae
Karma;Folk
Lane 8;Reggae
slowy;Blues
The Donkeys;Country
Katalyst;Blues
Jacuzzi Boys;Rock
King Arthur;Hip-Hop
Swishahouse;Classical
Space Buddha;Folk
Markus Homm;Unknown
Denyo;Unknown
Robin Schulz;Blues
LVNDSCAPE;Jazz
Lana Del Rey;Classical
Radikal Guru;Folk
FKY;Classical
Matthew Koma;Unknown
Benorno;Reggae
Classified;Rock
Set Your Goals;Rock
Alpha Boy;Jazz
Dan Farber;Folk
2Loud;Blues
Peter Fox;Classical
De La Bass;Reggae
Fatbabs;Unknown
Jimmy the Squirrel;Classical
King Dude;Unknown
La Fuente;Reggae
Pythius;Country
Iccarus;Unknown
Dope & Ganja;Rock
Collapz;Unknown
Gesaffelstein;Hip-Hop
Beats Antique;Blues
Filtertypen;Reggae
mausio;Unknown
Valentino Khan;Classical
Jacidorex;Jazz
VESZETT VILÁG;Reggae
Macky Gee;Classical
Stephan Bodzin;Reggae
George F. Zimmer;Hip-Hop
Chunda Munki;Country
Spiritual Beggars;Hip-Hop
Jack Parow;Electronic
Pham;Country
Oldtwig;Hip-Hop
The Golden Islands;Blues
Markandeya;Classical
Arnej;Folk
Lyrics Born;Unknown
Tarbay Roland;Hip-Hop
Kid Francescoli;Unknown
Kyle Watson;Blues
Kiso;Electronic
stand high;Classical
nohidea;Reggae
Kiss;Folk
Kylie Minogue;Rock
Studio Killers;Jazz
Icona Pop;Blues
Wet Paint;Country
Eli;Unknown
ATIP;Classical
Ferdinand Dreyssig;Hip-Hop
Ilai;Country
Genetikk;Reggae
HGich.T;Reggae
Andrew Collberg;Country
VirTuaNoise;Folk
Timi Hendrix;Blues
1000mods;Classical
Electric Universe;Reggae
The Correspondents;Jazz
Deca;Jazz
Emi;Blues
Relativ;Classical
Speakerbox;Electronic
Culprate;Reggae
Lost In Space;Rock
ABSRDST;Electronic
Purson;Rock
Emancipator;Electronic
Maribou State;Country
Petit biscuit;Unknown
Alan Wilkis;Reggae
Gorillaz;Jazz
The Peoples String Foundation;Classical
Ken Ishii;Blues
Bass Sultan Hengzt;Rock
Monarchy;Unknown
Dj Alpha;Unknown
Assassin;Hip-Hop
Portugal. The Man;Classical
Wanna Wake;Electronic
Yes Sir Boss;Blues
Epsilons;Electronic
Env;Unknown
Unknown Brain;Hip-Hop
Evolution of Stars;Jazz
Necro;Reggae
Built to Fade;Jazz
Magic!;Unknown
Jneiro Jarel;Jazz
Bojack's Theme;Unknown
Lil Xan;Folk
mujo;Unknown
Kahn;Country
Superpoze;Blues
GentleBeatz;Reggae
Umami;Rock
Yestermorrow;Hip-Hop
Ali A$;Blues
Clubroot;Folk
Cosculluela;Rock
John Mayall;Unknown
Man or Astro-Man?;Rock
LA PHAZE feat. Eugene Hurtz & Pedro de Gogol Bordello;Classical
Lluvia del Bosque;Country
NAPKEY;Classical
Yung Mavu;Hip-Hop
Rilès;Country
Rezz;Blues
Gammer;Unknown
Gasoline;Country
La Phaze-Mouss(Zebda)-Hakim(Zebda);Electronic
BAYNK;Classical
Cashmere Cat;Rock
Action Bronson;Unknown
Active Member;Reggae
Ratatat;Country
David Guetta;Hip-Hop
Sara Lugo;Jazz
Kosmo;Jazz
Sian;Folk
Jacky Murda;Unknown
Møme;Hip-Hop
Axial Tilt;Blues
DREZO;Electronic
Sean Price feat. Starang Wondah and Steele;Blues
Eskimo;Unknown
Kenai;Hip-Hop
Oldy Clap Recordz;Unknown
Melanin 9;Folk
Kasabian;Folk
St. Germain;Rock
Jazz Liberatorz;Country
AKA AKA;Reggae
Pushloop;Blues
Arjun Vagale;Reggae
Big Gigantic;Reggae
Zedd;Hip-Hop
Black Mountain;Electronic
Bio Babas;Reggae
DJ OGURETZ;Unknown
Calvin Harris;Rock
Bobby McFerrin;Folk
Doctor Flake;Rock
The Oscillation;Electronic
Oasis;Country
Indian Handcrafts;Reggae
MattyBoh;Unknown
Thomas Gold;Blues
Avrosse;Electronic
Litek;Unknown
The Banyans;Rock
Sidney Samson;Rock
Dirty Beaches;Reggae
MBrother;Country
The White Stripes;Electronic
Oliver Huntemann;Hip-Hop
Commodo;Country
Takatsugu Wada;Blues
Ellen Alien;Jazz
Jamaram;Electronic
Dr.Oscillator;Reggae
Angerfist;Folk
Astron;Folk
Tin Roots;Rock
Cherry Glazerr;Country
Raging Fyah;Folk
Inkyz;Folk
Class A;Country
Good Charlotte;Rock
Daniel Steinberg;Rock
Sun Araw;Electronic
DJ Yoda feat. Soom T & Afrikan Boy;Rock
LeKtriQue;Classical
Björn Peng;Blues
GReeen;Blues
Immortal Technique;Electronic
karl hungus;Reggae
The Trammps;Blues
Highlight Tribe;Reggae
Mc TH;Reggae
SNBRN;Country
Vato Gonzalez;Hip-Hop
Los Natas;Blues
Cuthead;Jazz
Lucio Aquilina;Rock
Ronald Jenkees;Unknown
Steve Aoki;Unknown
Tiger Love;Jazz
Krushed 'n' Sorted;Jazz
Flight of the Conchords;Folk
Stavroz;Country
PONDORA;Blues
Enrique Iglesias;Reggae
Johann Sebastian Bach;Blues
Anton Dhouran;Classical
Kana;Classical
Queen Elephantine;Jazz
Len Faki;Classical
Paula Cazenave;Rock
Waylon Jennings;Jazz
Ella Vos;Reggae
Butch Cassidy Sound System;Folk
LOUDPVCK;Reggae
XV Kilist;Reggae
Audio Dope;Folk
Black Tiger Sex Machine;Folk
TM Juke;Blues
Radiohead;Rock
Nosaj Thing;Hip-Hop
Wakefields;Rock
Sido;Unknown
Cusco;Jazz
Hiem;Blues
Seven Lions;Rock
AllttA;Folk
Valient Thorr;Classical
Basshunter;Electronic
Darude;Unknown
The Black Keys;Electronic
Nelly;Unknown
Champion;Blues
Otem Rellik;Jazz
Juan Quin Y Dago;Classical
ReeZpin;Blues
Beak>;Unknown
The Chordettes;Reggae
Nosliw;Jazz
Shoxe;Classical
MULATÓ AZTÉKOK;Reggae
Azizi Gibson;Folk
Cari Lekebusch;Hip-Hop
$uicideboy$;Classical
obi1;Blues
Dels;Electronic
BeardyMan;Classical
Vatican Shadow;Electronic
Faux Tales;Electronic
SpaceGhostPurrp;Classical
Interpol;Country
Windhand;Reggae
P-Money;Classical
Deadboy;Rock
Tei Shi;Folk
Paul White;Electronic
Fatoni;Hip-Hop
OJM;Jazz
Green Assassin Dollar;Electronic
Uone;Folk
Bumcello;Electronic
Alpha Portal;Country
Distinct Motive;Jazz
Battles;Classical
Joshi Mizu;Blues
Bodega;Jazz
Noah Kin;Electronic
Fukkk Offf;Country
Pixelord;Classical
Dzhamaldin Bisliev;Country
Stig Of The Dump;Hip-Hop
Antarctic;Folk
Mophono;Jazz
Prago Union;Electronic
Charly Black;Classical
Dela;Reggae
FKA twigs;Jazz
Birat Bitz;Country
The Upbeats;Reggae
Guano Apes;Unknown
Belleruche;Jazz
Grand Analog;Country
Cali Agents;Reggae
Sonic Species;Jazz
q.ltur;Electronic
Flo Mega;Blues
Direct;Hip-Hop
Adrian Lux;Reggae
juse ju;Jazz
Döll;Rock
The/Das;Electronic
Elder;Blues
Nebula-H;Electronic
Oscar and the Wolf;Reggae
Smooth;Country
Frank Black and the Catholics;Reggae
ShockOne;Reggae
Agar Agar;Blues
Triptik;Classical
Fid Mella;Folk
Emmacy;Country
Criminal Vibes;Rock
Hillsong United;Country
Buffalo Springfield;Electronic
Ferdinand Weber;Hip-Hop
Lil Boosie;Country
Bass Boosted;Unknown
Absolute Beginner;Electronic
Savant;Reggae
K-Paul;Unknown
Molecule;Hip-Hop
Jazz Spastiks;Rock
Olav Basoski;Folk
Abel Miller;Electronic
mat weasel;Unknown
Spoon;Classical
Dreadnut Inc.;Jazz
Pavel Petrov;Hip-Hop
PMS23;Jazz
John Denver;Folk
Aquilo;Jazz
Vast;Blues
Junge Junge;Unknown
Ronny Trettmann;Hip-Hop
Odiseo;Hip-Hop
Guaia Guaia;Classical
The Vliets;Electronic
Border Crossing;Classical
Florian Meindl feat. Ricardo Phillips;Unknown
The Sound Defects;Classical
Mokushi;Country
Karriem Riggins;Blues
Cosmo Sheldrake;Rock
Milky Chance;Unknown
Karmon;Unknown
Soul Revolution;Jazz
Dualmind;Reggae
Dario Rodriguez;Rock
BLAISE MOORE;Folk
Ziggi Recado;Rock
Low Steppa;Country
Tricky;Blues
Petey Clicks;Jazz
Psibindi;Folk
Dimitri Vegas & Like Mike;Hip-Hop
Al'Tarba;Electronic
Leyan;Unknown
Lostboycrow;Hip-Hop
Menahan Street Band;Country
Fort Knox Five;Rock
Antonio Giacca;Reggae
Squarespace;Country
Fionn Regan;Classical
Emmit Fenn;Jazz
Bosphore;Country
Dead Rabbit;Classical
DJ Crazy J Rodriguez;Blues
Scrimshire;Rock
Ludacris;Hip-Hop
emune;Classical
Mekkanikka;Jazz
Hardwell;Rock
Trey Songz;Electronic
Subtle;Country
Spotify;Jazz
Cybordelics;Reggae
Louis Tomlinson;Jazz
Belzebong;Blues
ManGoRise;Jazz
Jolie Cocquine;Hip-Hop
George Jones;Folk
Lucky Hz;Blues
Looptroop Rockers;Classical
Destructo;Jazz
Dr. Surabi;Hip-Hop
Fakear;Folk
Art Melody;Jazz
Dreadsquad;Unknown
Wilderness Crew;Classical
Zomblaze;Blues
Sustain Release;Electronic
Xerox;Jazz
Karuzo;Country
Mr. Carmack;Folk
Gustavo Mota;Hip-Hop
Blend Crafters;Reggae
Nok;Blues
Jamiroquai;Jazz
Minupren;Folk
Kanine;Hip-Hop
Telefon Tel Aviv;Jazz
Derango;Electronic
Moka Only;Classical
Deniz Kurtel;Blues
BABYMETAL;Unknown
The Black Seeds;Jazz
Edison;Unknown
Eminem;Rock
Nostalgia 77;Classical
Dr Cryptic;Jazz
The Head and the Heart;Electronic
Kylesa;Rock
Svinkels;Jazz
New Groove Formation;Hip-Hop
Metrickz;Reggae
Gianni Marino;Jazz
Future Islands;Blues
The Blue Angel Lounge;Blues
Rocket Juice & The Moon;Classical
Seno Narkotek;Classical
Wilczynski;Rock
The Soft Moon;Unknown
knowmadic;Folk
Eternal Basement;Blues
Solee;Reggae
Chris Shape;Classical
James Vincent McMorrow;Country
Golden Void;Folk
Noisy Stylus;Electronic
Psysex;Jazz
Freakaholics;Unknown
Marko Dragan Zecevic;Blues
Glass Animals;Jazz
Aero Chord;Reggae
Mount Carmel;Reggae
Acado;Blues
RaymanRave;Blues
Congo Natty;Electronic
zuper;Unknown
High Contrast;Reggae
Diversion;Rock
Micachu & The Shapes vs Konono N°1;Blues
Majistrate;Rock
Serial Killaz;Jazz
Bodybangers;Reggae
The Prototypes;Folk
NOCCE;Electronic
Deti;Rock
Leah McFall;Hip-Hop
Farflung;Electronic
Recondite;Folk
Basenji;Country
Shay Lia;Unknown
Olson;Folk
Swedish House Mafia & Knife Party;Hip-Hop
MCNZI;Rock
Kontra K;Rock
Kommando Elefant;Folk
Audiophonic;Blues
Dark Sky;Hip-Hop
Gypsy Jazz Caravan;Country
Yoel Lewis;Classical
Dan Mangan;Jazz
Twelve Sessions;Blues
Glowsun;Electronic
Outsiders;Rock
Y&V;Reggae
Saba;Rock
Probe;Classical
Dessert;Classical
The Glass Half;Hip-Hop
Throttle;Electronic
C@ in the H@;Folk
ESPRIT 空想;Unknown
Siro;Rock
2Pac;Folk
Tufu;Classical
5 majeur;Folk
Roy Woods;Jazz
mansionz;Hip-Hop
Betty Ford Boys;Jazz
Facebook idióták #26 (By;Folk
Taiwan Mc;Rock
Haddaway;Classical
Professor Murder;Folk
Swollen Members;Classical
Frank Hemd;Rock
Passage;Hip-Hop
Champagne Drip;Folk
Dafuniks;Folk
Mattafix;Rock
Capitol 1212;Electronic
Firestore;Blues
Ali As;Country
Isaac Hayes;Country
Gunjah;Electronic
Tycho;Folk
Dj Guv;Folk
Wen;Reggae
Axel Flovent;Electronic
Year Long Disaster;Country
Curry & Krawall;Folk
Gentleman's Dub Club;Electronic
Sahara Surfers;Classical
Veedel Kaztro;Rock
Lia Marie Johnson;Blues
ZHI16;Reggae
Notorious BIG & Twista;Folk
Leaf;Jazz
Sofa Surfers;Blues
Witch;Jazz
WHITENO1SE;Folk
Flow Box;Rock
Homestead Slim;Country
Wu-Tang Clan;Classical
Melokind;Reggae
Bassjackers;Jazz
A BOOGIE WIT DA HOODIE;Folk
raisa khan;Reggae
bluntone;Hip-Hop
Point Point;Unknown
Intinn;Country
Hatikva 6;Reggae
Filewile;Electronic
Pan-Pot;Folk
Time Traveling Terrapin;Rock
Black Bombaim;Unknown
El Michels Affair;Electronic
STLNDRMS;Country
Freelance Whales;Blues
Abi Ocia;Electronic
Daniel Avery;Folk
Arkaiis;Reggae
Erik Satie;Jazz
Saez;Hip-Hop
Death Grips;Country
A. Skillz;Jazz
Teddy Killerz;Reggae
Diaz Grimm;Unknown
Rygby;Unknown
Lazy Jay;Blues
Marc Spence;Blues
Trent Cantrelle;Unknown
The Glitch Mob;Reggae
Rodriguez & Salgado;Hip-Hop
Fifth Harmony;Reggae
Dead Meadow;Electronic
Lords of the Underground;Folk
IAmChino;Unknown
Zac Waters;Unknown
Python;Reggae
Porter Robinson;Rock
Sultan Bathery;Unknown
4i20;Blues
ozoyo;Blues
Pauline Croze;Blues
Vigiland;Reggae
Thrupence;Folk
Prisma Circus;Hip-Hop
The People's Temple;Jazz
WOOBEDUB;Classical
Busy Signal;Country
Ennio Morricone;Unknown
One Fifty Vibes;Country
Scarecrow;Reggae
Xavier Omär;Hip-Hop
I Hate Models;Rock
Kona Triangle;Folk
Omnia;Folk
Yuksek;Blues
Lorne Balfe;Reggae
Sahg;Hip-Hop
We Are The City;Reggae
Patrice;Reggae
Mr. Belt & Wezol;Electronic
Dope D.O.D.;Classical
Dub Gabriel;Blues
Morgen;Classical
Tumi;Folk
Eight Sin;Jazz
Dislike;Country
Visionaries;Reggae
Big Moe;Folk
Geo Da Silva;Blues
Todd Terje;Reggae
Chukiess;Rock
Sabira Jade;Rock
Polo & Pan;Classical
Tezla;Hip-Hop
Unders;Blues
Phace;Electronic
Yahel;Jazz
3D-Ghost;Jazz
Anthony Hamilton & Elayna Boynton;Hip-Hop
The Whip;Folk
Hey Marseilles;Reggae
Youthstar;Classical
Lord Dying;Blues
Modest Mouse;Jazz
Mustard Pimp;Blues
Urbs & Cutex;Classical
Seinabo Sey;Classical
The Pointer Sisters;Classical
Andrea Oliva;Electronic
Teddy Cream;Rock
Eddie Vedder;Electronic
Mononome;Classical
Apathy;Reggae
Shlohmo;Classical
Saivor;Unknown
Auto!Automatic!!;Electronic
Nikelodeon;Country
Weed;Jazz
Joe Dukie;Blues
Daniel Dubb;Jazz
Sahtyre;Jazz
VELIAL SQUAD;Blues
Swans;Jazz
GMS;Unknown
Said;Hip-Hop
Arrested Development;Classical
Clockwork;Country
K.I.Z.;Rock
Kronfeld;Blues
Sara Farell;Reggae
Ween;Reggae
Halott Pénz;Rock
Barry Brown;Reggae
Kid Cudi;Electronic
Knowmads;Hip-Hop
Josh Butler;Classical
Tribal Seeds;Blues
Amelie Lens;Electronic
Onra;Country
Colocks;Electronic
Liquid Stranger;Country
Pyramidal;Jazz
Violent Soho;Jazz
Gangthelabel;Folk
Netsky;Jazz
SALES;Blues
Teknambul;Rock
The Handsome Family;Country
Hypnotic Brass Ensemble;Rock
Red Hot Chili Peppers;Electronic
Devilgod;Rock
Sic Alps;Electronic
Chip tha Ripper;Hip-Hop
Ghostface Killah;Electronic
Les Monstroplantes;Blues
Charm's;Hip-Hop
Blundetto;Blues
Prosectura;Unknown
Mestizo & Mike Gao;Folk
Rafael Starcevic;Classical
Joe Ford;Rock
Rambutan Jam Band;Electronic
Kayzo;Hip-Hop
June Miller;Classical
Dizzee Rascal;Jazz
DEADSHAWDY;Unknown
Erman Erim;Blues
Sunnery James & Ryan Marciano;Folk
Rae Sremmurd;Country
by Lotus;Blues
Philanthrope;Rock
Kryder;Folk
Marshvll;Folk
Tommie Sunshine;Jazz
Hawkwind;Electronic
Q Funktion;Country
Those Poor Bastards;Folk
Iglooghost;Folk
Danny Red;Reggae
jus.;Country
Fur Elise;Blues
Dubbacle;Unknown
Peter Tosh;Unknown
Earlyworm;Reggae
Ezra Furman;Rock
Thylacine;Electronic
Goblin-X;Jazz
Monkey Safari;Blues
Farruko;Rock
Ritual;Hip-Hop
Anakronic Electro Orkestra;Electronic
Steinregen Dubsystem;Rock
Spirit Caravan;Classical
Russian Circles;Blues
Terahert;Unknown
Euføeni;Country
Sebjak;Hip-Hop
Junior vieira;Folk
Charlotte de Witte;Electronic
PCP;Unknown
Trevor Jackson;Rock
DJ Billy-E;Reggae
Helvetia;Rock
Cult of Luna;Rock
Afu-Ra;Country
Jokers of the Scene;Country
Noiseshaper;Electronic
Beginner;Electronic
Seeed;Classical
ScarcityBP;Classical
Kill the Noise;Reggae
Robin Thicke;Hip-Hop
Don Philippe;Blues
Born Ina Barn;Classical
Rooq;Folk
Tommy Cash;Hip-Hop
Wooden Shjips;Blues
Funky DL;Jazz
Yann Tiersen;Rock
Öresound Space Collective;Electronic
Rival Sons;Folk
MGMT;Country
Morgan Page;Classical
Twenty One Pilots;Hip-Hop
Midas 104;Country
Dj Mad Dog;Hip-Hop
Trevor Something;Hip-Hop
Chemical Surf;Classical
DJ Derelict;Folk
Luke St;Unknown
Through & Through;Reggae
Banx & Ranx;Hip-Hop
Beach Fossils;Hip-Hop
Danny Avila;Classical
Rone;Unknown
The Magician;Classical
Luis Coronel;Electronic
Mount Eerie;Reggae
Numa Crew;Folk
Vaydr;Folk
Young Thug;Country
Like Mike;Blues
PaulWetz;Country
Jennifer Lopez;Reggae
G-Eazy;Classical
MC Hammer;Classical
Radar Men from the Moon;Country
Wayne Marshall;Blues
Lyre le temps;Hip-Hop
Sting;Country
Kularis;Reggae
Kaláka;Folk
Farhot;Jazz
Boy & Bear;Electronic
Ron Flatter;Country
Pika;Hip-Hop
DJ Blyatman;Reggae
Saro;Reggae
Jamalski;Blues
Giobia;Country
K-Plan;Classical
Sam Collins;Classical
Ella Mai;Country
Milonair;Hip-Hop
Benny Page;Country
Pharoah;Classical
Unwound;Reggae
Tetra Hydro K;Country
Playground Zer0;Folk
A & Z;Jazz
Desert Dwellers;Unknown
Cardi B;Hip-Hop
Alan Fitzpatrick;Blues
Lessons;Folk
DMVU;Hip-Hop
GroundBass;Country
Dubmatix;Hip-Hop
Dwig;Classical
Giraffes? Giraffes!;Blues
Dwin;Classical
Monika Juhasz-Miczura;Rock
Black Pussy;Unknown
Hugo Kant;Rock
Wems;Hip-Hop
Polvo;Blues
Alvan;Classical
Dirty Doering;Hip-Hop
Com Truise;Electronic
Sleepin' Is Cheatin';Folk
Jahtari Riddim Force;Classical
Sighter;Hip-Hop
Finnebassen;Electronic
Óperentzia;Classical
Sons of Otis;Electronic
Santigold;Hip-Hop
A.CHAL;Unknown
Fuse ODG;Electronic
Pimf;Reggae
Jamie Berry;Rock
Violent Femmes;Unknown
Combat Wombat;Classical
Metaform;Rock
Dashdot;Jazz
Survivor;Blues
No Age;Jazz
Awon & Dephlow;Classical
Stand High Patrol;Blues
Luis Fonsi;Classical
Fungal Abyss;Country
The Legendary Tiger Man;Jazz
Didjworks;Country
Flox;Electronic
Atomic Spliff;Reggae
T-killah;Rock
Linguistics feat. Charlie Perry;Unknown
Skott;Rock
Frimost;Reggae
Pile;Rock
Schlachthofbronx;Jazz
Robert Hood;Unknown
Talpa;Reggae
Fritz Helder;Folk
The Raveonettes;Blues
Rodríguez;Country
Themselves;Classical
Franky Jones;Country
Hammock;Rock
Viper;Unknown
LOthief;Blues
Pupajim;Reggae
Cheat Codes;Folk
Blackalicious;Jazz
Peter Sandberg;Reggae
Camo & Krooked;Unknown
Ninja Sex Party;Reggae
Avancada;Reggae
FLAGZ;Country
Pennywise;Rock
Dimitri Vangelis & Wyman;Country
Answer Code Request;Folk
Mrs. Magician;Hip-Hop
Zak Abel;Blues
The Neighbourhood;Blues
The Kite String Tangle;Electronic
Heavy Hands;Blues
fujitsu;Country
Huncho Jack;Electronic
Yatzee;Classical
Ivy Lab;Hip-Hop
Delayers;Blues
Flirtini;Reggae
Two Birds;Rock
Texas in July;Jazz
DVBBS;Unknown
TV Girl;Folk
Deadly Hunta;Classical
Finger & Kadel;Folk
Relaxed Minds;Classical
Iamsu!;Jazz
Patko;Electronic
Giant Panda Guerilla Dub Squad;Electronic
Digicult;Classical
Marc DePulse;Folk
Ol' Burger Beats;Folk
PLÜM;Unknown
The Flying Eyes;Country
Savages;Reggae
Thavius Beck;Folk
Dirtwire;Reggae
MiyaGi & Эндшпиль;Country
Dramadigs;Blues
Ghost Rider;Hip-Hop
Kim Dotcom;Country
Sajanka;Folk
J Dilla;Folk
Siena Root;Hip-Hop
Flex Fab;Classical
Stereo Total;Folk
Space Tribe;Electronic
Sweatshop Union;Rock
Antilopen Gang;Reggae
Neon Hitch;Hip-Hop
fant4stik;Country
Miike Snow;Unknown
Flux Pavilion;Classical
Darktek;Blues
Riva Starr;Classical
Omar Varela;Jazz
Exilles;Classical
King Tuff;Unknown
Blank Banshee;Reggae
The Toxic Avenger;Reggae
Monolink;Jazz
N'to;Rock
DJ Fresh;Jazz
Asiahn;Hip-Hop
Nora En Pure;Unknown
Areno Jaz;Reggae
Dombresky;Jazz
Dash Berlin;Folk
Koen Groeneveld;Unknown
Macklemore;Blues
Astrix;Unknown
Féloche;Hip-Hop
Premium;Classical
Dino Merlin;Jazz
AC Slater;Country
Esther Phillips;Unknown
Egbert;Rock
Pisk;Hip-Hop
The Herbaliser;Blues
Jayline;Blues
White Fence;Reggae
Mindbenderz;Unknown
Ticon;Electronic
Tall Black Guy;Rock
Mullally;Classical
DENM;Classical
Paddy and the Rats;Rock
Yeah Yeah Yeahs;Unknown
Wittyboy;Reggae
Lily Allen;Classical
Elyts Sounds;Folk
Boys Noize;Electronic
Longevity;Folk
Loading Data;Jazz
Brain Police;Rock
Sisters of Your Sunshine Vapor;Reggae
Cloud 9;Folk
Pappenheimer;Country
Arman Cekin;Jazz
Eisbrecher;Folk
Mariah Carey;Classical
Generationals;Rock
Speakeasy Sideshow;Classical
Sander Van Doorn;Electronic
Machinedrum;Electronic
Chris Rea;Hip-Hop
Bluestaeb;Hip-Hop
Mikael Weermets;Hip-Hop
Tristan;Rock
A-Lab;Electronic
Matt Fax;Hip-Hop
DVSN;Reggae
Strez;Rock
Assemble Head In Sunburst Sound;Classical
Don Rimini;Jazz
Orestis;Folk
ManMadeMan;Jazz
Hallucinogen;Country
Heretic Klick;Reggae
Alo Wala;Jazz
Ugly Duckling;Hip-Hop
DEDY DREAD & DJ REBEL;Folk
Mandragora x Groovaholik;Hip-Hop
Bill Withers;Jazz
Seneca B;Unknown
Breech;Electronic
Arts The Beatdoctor;Reggae
Nu:Tone;Folk
thuey;Country
Morten Granau & Vice;Country
Fünf Sterne Deluxe;Unknown
The Good The Bad;Unknown
Pimpulsiv;Blues
PQM;Hip-Hop
Kaiju;Hip-Hop
S.MOS;Reggae
John Dahlbäck;Rock
Highko;Classical
[ Wex 10 ];Unknown
Cosmic Boys;Reggae
D.R.S.;Rock
Max Graef;Classical
Barbaro;Hip-Hop
Pixies;Classical
Gridlok;Blues
Benji Hughes;Country
Dimatik;Rock
Harrison Brome;Blues
WoodzSTHLM;Blues
Lazy Lizzard Gang;Rock
Barenhvrd;Unknown
Dé:Nash;Unknown
Dead Obies;Classical
King Automatic;Classical
LoopMaffia;Rock
Burzum;Classical
SuperSillyus;Unknown
The Gift Of Gab;Reggae
Alextrem;Electronic
Styles of Beyond;Electronic
Klint;Reggae
The Cracken;Country
Plantrae;Classical
MarQ Spekt & Blockhead feat. C-Shotta;Rock
Pink Floyd;Electronic
Mick Harvey;Rock
Bhad Bhabie;Jazz
Les Savy Fav;Classical
Madvillain;Country
Senix;Hip-Hop
Monkey Marc;Jazz
Jurassic 5;Unknown
Floex;Folk
The Hussy;Classical
Lexer;Rock
The Pharcyde;Hip-Hop
Teba;Reggae
Arkells;Classical
Gabriel & Dresden;Rock
Adele;Electronic
Meiko;Reggae
Edgar Meyer;Country
Owl Vision;Jazz
Oliver Heldens;Unknown
Jensation;Electronic
Green Velvet;Unknown
l8er;Unknown
St. Lucia;Classical
The Inexplicables;Classical
Jonathan Pitch;Country
José James;Classical
Altruism;Reggae
Los Tirpákos;Rock
Rag N Bone Man & Leaf Dog;Classical
Cyberpunkers;Jazz
Aknoyd;Unknown
Gavin James;Blues
Awesome Color;Reggae
Phoenix;Electronic
Pacso;Reggae
Marco V;Hip-Hop
Black Market Karma;Jazz
Joint Venture;Folk
Dj Gollum vs. Basslovers United;Jazz
Shpongle;Folk
Anna;Country
TERROR REID;Jazz
Fedde Le Grand;Country
Torches;Classical
Myth Syzer;Reggae
Nneka;Folk
Chapeleiro & Junior Vieira;Country
Lil Pump;Rock
The Apples;Hip-Hop
Q-Unique;Hip-Hop
Brutus;Jazz
Mr. Schnabel;Jazz
16 Bit Lolitas;Country
Meat Puppets;Jazz
Attlas;Unknown
Brodinski;Electronic
Kuselofte;Electronic
Hollen;Jazz
EZ3kiel;Unknown
Paranormal Attack;Folk
DJ Sly feat. Ragga Twins;Blues
Nuno Lisboa;Blues
JNSPTRS;Reggae
Miley Cyrus;Hip-Hop
DRWN.;Reggae
Ott;Rock
Billie Eilish;Rock
Father John Misty;Reggae
Mick Jenkins;Unknown
X-Coast;Electronic
Sasio;Country
Miwata;Electronic
Gaudium;Blues
Just Her;Electronic
O.V. Wright;Country
Nils Ohrmann;Jazz
Veerus;Country
Pouya;Reggae
Stanaj;Jazz
Odezenne;Blues
Tha Trickaz;Electronic
Sean Paul;Electronic
Will Sessions;Electronic
tsuki;Unknown
Chris Lorenzo;Rock
M|O|O|N;Folk
Phoebe Bridgers;Hip-Hop
Becky G;Rock
Cooper Sams;Reggae
The Soundcarriers;Folk
Ben Phipps;Country
Malachai;Unknown
BROHUG;Jazz
Paji;Classical
The Machine;Rock
Seamoon;Hip-Hop
A Tribe Called Quest;Reggae
Hot Cue;Blues
walterwarm;Reggae
Love Battery;Unknown
Drugs;Electronic
Major7 & D-Addiction;Reggae
Asian Dub Foundation;Unknown
Obelyskkh;Blues
Stephen Marley;Blues
Ruback;Country
rosswell;Reggae
Contrefaçon;Blues
Brains;Rock
Suburbass;Rock
Ghost Rider & Querox;Classical
Albin Myers;Unknown
Cliq;Folk
Autolux;Electronic
Wax Wreckaz;Unknown
Danger Doom;Country
Teen Daze;Reggae
Protoculture;Reggae
Diggory Kenrick;Rock
Suntree;Blues
Andhim;Rock
Lemâitre;Classical
Samantha Machado;Country
Shahmen;Unknown
Imhotep;Jazz
Ras Amerlock;Rock
Katy Perry;Unknown
Klaas;Jazz
Asia 2001;Electronic
Moussier Tombola;Hip-Hop
D.O.D.;Jazz
Manose;Hip-Hop
Bankos;Classical
Rotfront;Classical
Disclosure;Hip-Hop
Ookay;Unknown
Imperial Leisure;Jazz
Wo Fat;Blues
Het Verzet;Electronic
Two Feet;Rock
Dole & Kom;Reggae
Tracey Chattaway;Folk
Circuit Breakers;Unknown
Kid Loco;Hip-Hop
Kid Ink;Rock
Teho;Rock
Otis Redding;Blues
Jurij;Unknown
Captain Gips;Country
Harold van Lennep;Rock
Nik Kershaw;Unknown
Amorf Ördögök;Blues
Pearson Sound;Reggae
Millions Like Us;Unknown
Joe Jayson;Blues
Wild Belle;Hip-Hop
Neodisco;Electronic
Shades;Blues
Charizma;Classical
Bubble;Country
Levianth;Rock
Wildcat! Wildcat!;Hip-Hop
Aim & QNC;Hip-Hop
Tropic of Cancer;Reggae
Busta Flex;Country
Pardon moi;Country
Cypress Hill & Rusko feat. Damian Marley;Hip-Hop
Sailor & I;Reggae
Ras G;Reggae
Goldfish;Reggae
Deluxe;Blues
Hungry Ghost;Jazz
Sirmo;Unknown
Astroqueen;Electronic
Sammie Beats;Blues
Evanescence;Unknown
David Cutter Music;Blues
Golden Animals;Hip-Hop
Prince Fatty;Reggae
Bokoesam;Hip-Hop
Tripsta;Classical
Pontiak;Hip-Hop
40 Thieves;Blues
The Skints;Hip-Hop
Finch Asozial;Rock
Klaudia Gawlas;Unknown
George Langford;Hip-Hop
Ryan Kobal;Electronic
Woven Hand;Blues
Rammstein;Unknown
Urthboy;Jazz
Ben 9MM;Blues
Puddle of Mudd;Unknown
iSeo & Dodosound;Unknown
Asian Traditional Music;Reggae
Sasha;Folk
Otherside;Classical
Mastodon;Hip-Hop
4lienetic;Electronic
Bongzilla;Electronic
Dustycloud;Reggae
Picco;Electronic
Shanti People;Electronic
Kaiserdisco;Reggae
Joebart;Unknown
Arkwright;Classical
Harry Potar (aka Roms);Unknown
Blonde Redhead;Classical
Lyrical Benjie;Reggae
Tom Thaler & Basil;Electronic
Skrillex;Blues
Hollow Clouds;Reggae
Sandro Silva;Jazz
MazzodeLLic;Folk
Babylove & The Van Dangos;Electronic
Whitebear;Country
Leo Kalyan;Hip-Hop
Tao H;Rock
Pallers;Electronic
Doom;Jazz
Boot Camp Clik;Jazz
jam jarr;Jazz
Doop;Rock
Kefran Narkotek;Country
Deniz Bul;Hip-Hop
Vibe Tribe;Folk
speo;Electronic
Gossip;Hip-Hop
Aspects;Unknown
Sorority Noise;Folk
The Qemists;Reggae
DoubKore;Rock
Tekos Lab;Reggae
Beat Dis;Blues
Soulpete feat. Oddisee;Reggae
Lone Ranger;Rock
MARUV;Unknown
Nath Jennings;Rock
Jacques;Electronic
Carlitos Rossy;Rock
Kaly Live Dub;Rock
Seether;Blues
Foals;Hip-Hop
Marsimoto;Jazz
Fantastic Mr Fox;Folk
Dr Oak;Reggae
Milo;Folk
The Cult of Dom Keller;Hip-Hop
Chase & Status;Rock
Ace Ventura;Jazz
Fuzzly;Blues
Arcangel;Classical
MiSSiLL;Country
The Quantic Soul Orchestra;Hip-Hop
Little Scream;Hip-Hop
Apollo 440;Country
Cryonic Temple;Rock
avatar project;Jazz
DROELOE;Electronic
No Mana;Jazz
Karate Andi;Reggae
Russ Liquid;Unknown
The Posterz;Blues
Honne;Blues
Klangkarussell;Reggae
Nôze;Unknown
Scan 7;Classical
Katri;Reggae
Merdan D;Blues
Kream;Jazz
Johannes Bornlöf;Reggae
Eric Sneo;Blues
Sagsag23;Reggae
wüsh;Electronic
L'Orange;Electronic
Junior Jack;Hip-Hop
Funkin Matt;Folk
Lauren Ritter;Rock
Company Flow;Rock
Organized Konfusion;Jazz
Fuzz;Hip-Hop
Cosima;Electronic
Ming;Country
Mansionair;Unknown
Goa;Jazz
Kromestar;Classical
MC madjah;Jazz
Read All About It;Rock
Dosh;Rock
Khalid;Reggae
Navid Modiri;Unknown
Animal Collective;Reggae
Avril Lavigne;Rock
AnGy KoRe;Folk
moscoman;Unknown
Midimal;Jazz
Kosha Dillz;Jazz
Filip Motovunski;Classical
The Kings of Frog Island;Rock
Alfred Heinrichs;Folk
Cause & Affect;Unknown
Perco Don;Classical
DJ Gollum;Blues
Mikey Murka;Hip-Hop
Jaz von D;Jazz
Apollo Brown;Reggae
Otto Wahl;Rock
Flatbush ZOMBiES;Blues
Illyah;Reggae
Broken Bells;Blues
No More Kings;Reggae
Hearts & Colors;Rock
Dark Tooth Encounter;Classical
Black Pyramid;Blues
klumzy tung;Electronic
Zugezogen Maskulin;Country
Grand Soleil;Electronic
Adriatique;Unknown
demo taped;Rock
Raggatek Live Band;Hip-Hop
Restiform Bodies;Classical
Mobb Deep;Rock
Lil' Kleine & Ronnie Flex;Rock
We Are Scientists;Blues
Sean Koch;Blues
Substainless;Folk
twit one;Blues
Isolée;Jazz
Barbara & The Browns;Blues
Soundgarden;Electronic
ill.Gates;Electronic
digitalluc;Jazz
The Bug;Classical
Trippy Wicked & the Cosmic Children of the Knight;Country
Nicola Cruz;Country
Awon;Rock
Cosmic Tone;Unknown
Horváth Tamás;Unknown
Koós János;Blues
C-Rayz Walz;Jazz
Crocodiles;Country
Tocadisco & Nadia Ali;Classical
nobodys face;Reggae
Dub Syndicate;Unknown
Pavv;Folk
Three Days Grace;Country
Neelix;Hip-Hop
Bondax;Electronic
Cedric Gervais;Rock
Haftbefehl;Hip-Hop
ODMGDIA;Country
Mugstar;Country
Boy 8-Bit;Classical
Dehix;Blues
Dom Dolla;Blues
Dr Peacock;Folk
Mike Williams;Country
Mr. Probz;Rock
Broussaï;Country
Ohbliv;Country
X Makeena;Jazz
Cosmosis;Country
Pedestrian;Folk
misc.inc;Country
Eddy B & Tim Gunter;Electronic
Elaquent;Jazz
Skybar;Jazz
Jus Deelax;Rock
Republic;Hip-Hop
Huxley;Country
Alex & Sierra;Reggae
SkeL;Folk
Louderz;Rock
The Asteroids Galaxy Tour;Country
A-Trak;Country
Da Professor;Country
Evidence;Electronic
Anima Sound System;Country
Eazy;Electronic
Grandtheft;Classical
Fitz and the Tantrums;Unknown
Robby East;Reggae
Red Axes;Unknown
Marbert Rocel;Country
Robotic Pirate Monkey feat. Late Night Radio;Unknown
El-P;Blues
Fugazi;Folk
Guerilla Black;Unknown
Gater;Rock
Casey;Electronic
Analogik;Electronic
Lakuno;Jazz
Volac;Jazz
Ante Perry;Electronic
Barrington Levy;Electronic
Laura Jones;Folk
Acid Washed;Jazz
XXXTentacion;Rock
Neon Indian;Folk
Swedish House Mafia;Jazz
Boom Bip;Jazz
Desmond Cheese;Folk
Zserbó;Hip-Hop
Souleance;Country
AVVAH;Folk
Dude & Phaeb;Rock
Candyland;Blues
Skazi;Jazz
LMEN PRALA;Folk
Electric Wizard;Electronic
Yheti;Rock
Gum;Reggae
Rocky;Unknown
BassBoy;Country
kreaem;Rock
Guv;Folk
Dovetail;Electronic
Human Element;Classical
Ben Watts;Jazz
Will Sparks;Folk
Jimi Hendrix;Folk
Dandi & Ugo;Classical
Travis Scott;Unknown
Justice;Country
Vegas;Country
Chezidek;Jazz
Lee Foss;Folk
Mark Dekoda;Jazz
Why Sl Know Plug;Hip-Hop
PSTGRD;Classical
Rhymin Simon;Blues
Danakil;Hip-Hop
Egorythmia;Folk
Micachu;Jazz
The Album Leaf;Reggae
Freddie Gibbs;Classical
Tube & Berger;Classical
Thelem;Hip-Hop
Ben Lee;Unknown
The Lumineers;Folk
80s Casual;Jazz
Shaun Dean;Folk
Slugabed;Jazz
Mollono.Bass;Country
Kormac;Folk
Twin Caverns;Classical
Clause Four;Rock
Redbong;Folk
jimothy;Classical
Matt Lange;Blues
Radical Face;Country
LO'99;Classical
Pierre Kwenders;Hip-Hop
Ragga Twins;Blues
Super8 & Tab;Hip-Hop
Marijuana Deathsquads;Electronic
HAUX;Hip-Hop
BlasterJaxx;Blues
Blasta  Solo Banton;Hip-Hop
Super Flu;Unknown
Enzo Siffredi;Unknown
No Turn Around;Jazz
Miguel Bastida;Reggae
Matisyahu;Blues
Dj Panico;Jazz
Del Tha Funkee Homosapien;Folk
Zatox;Country
Dorian;Country
Sage the Gemini;Blues
Factor;Blues
NINZE & OKAXY;Rock
Stubb;Folk
Will Sparks & Joel Fletcher;Blues
Base da Gritter;Country
Congorock;Hip-Hop
Sytri-x;Country
Black Lips;Unknown
Shackleton vs Kasai Allstars;Country
Yellowbase;Electronic
Orbion;Country
Circuit Breaker;Unknown
I Woks Sound;Jazz
The Heavy Eyes;Folk
Sierra Kidd;Electronic
Ferenc Borbiczki;Classical
Bushbaby;Folk
N O M I N A L;Hip-Hop
Grant Lazlo;Reggae
Shmirlap;Classical
Courtney Barnett;Blues
West End Motel;Reggae
Out Hud;Hip-Hop
Milez Benjiman;Hip-Hop
Pryda;Rock
The Waterbed Corporation;Blues
Lonely Kamel;Electronic
Stone Axe;Hip-Hop
Downsyde;Folk
Das Racist;Rock
The Beatangers;Electronic
Soulja Boy;Reggae
Kalki;Hip-Hop
David Fischbein;Country
Matroda;Blues
They Might Be Giants;Country
DAT ADAM;Reggae
BØJET;Reggae
ScHoolboy Q;Jazz
Ñarkiš;Hip-Hop
Sidual.;Hip-Hop
Morillo;Rock
Yuma;Classical
Brinsley Forde;Electronic
Acid Arab;Blues
György Ligeti;Country
Cults;Hip-Hop
Inpetto;Reggae
Neurotribe;Reggae
Ben Murray-Smith;Unknown
Plastik Funk;Classical
Free the Robots;Rock
Aeuria;Unknown
Souls of Mischief;Folk
Dub Fx Pete Philly & Mr. Woodnote;Country
Prince Jammy;Jazz
Pettra;Blues
Mala;Classical
Kalya Scintilla;Unknown
STRFKR;Hip-Hop
Atmos;Electronic
Domo Genesis;Country
Panama;Classical
Clams Casino;Folk
Fineart;Electronic
Swanky Tunes feat Mr VI;Unknown
Knox Hill;Rock
Nasko;Electronic
Mc Fioti;Jazz
TNGHT;Country
Billy Kenny;Jazz
Iriepathie;Jazz
J. Worra;Unknown
Bear in Heaven;Reggae
Mike Cervello;Rock
Headnodic;Classical
Talstrasse 3-5;Hip-Hop
Bugseed;Unknown
DJ Pone;Unknown
Mikey Dread;Electronic
John Paesano;Folk
Disrupt;Country
LTGTR;Jazz
Dreamers Delight;Classical
Booker T. & the MG's;Jazz
Brothers of the Stone;Country
Kavabanga & Depo & Kolibri with MiyaGi;Hip-Hop
Petar Della Pietra;Hip-Hop
Be Svendsen;Hip-Hop
JDneX;Hip-Hop
Yoste;Reggae
The Mavrik;Jazz
Makj;Electronic
NOK & DJ Fabio;Hip-Hop
Julia Jacklin;Electronic
The Echelon Effect;Unknown
K-391;Hip-Hop
Armand van Helden;Reggae
Gnischrew;Electronic
Ghostown;Rock
Introversion;Rock
Aura Vortex;Electronic
Ilements;Folk
Dean Martin;Country
Suff Daddy;Electronic
Hard Liner;Blues
Calibre;Country
Weebl's Stuff;Hip-Hop
Pelican;Electronic
Clutchy Hopkins;Blues
A2H;Jazz
Simon Patterson;Electronic
Fritz Kalkbrenner;Hip-Hop
Mark Carter;Rock
Stefflon Don;Unknown
Lemon Jelly;Jazz
Irie Maffia;Hip-Hop
Gopnik McBlyat;Hip-Hop
Pierce Fulton;Electronic
Heist;Jazz
You Man;Blues
Trap City ME;Reggae
J. Cole;Unknown
Luis Bacalov;Blues
Skok;Hip-Hop
Sleep;Jazz
6 dogs;Unknown
Mahom;Unknown
Cospe;Reggae
Zenzile;Folk
Placid;Reggae
Icicle;Reggae
LIL GNAR;Jazz
Beats by Rudebwoay;Unknown
Mr. Chop;Folk
Panda Bear;Blues
Slim Thug;Jazz
Dardust;Electronic
RICH CHIGGA;Hip-Hop
Mini Mansions;Reggae
Kid Simius;Rock
Patricia;Folk
R.A. the Rugged Man;Hip-Hop
Kenton Slash Demon;Classical
La P'tite Fumée;Electronic
Chip Chip Chokas;Blues
Grebz;Reggae
PerfecTone;Reggae
Rootah;Hip-Hop
Joker;Unknown
Pitch Mad Attak;Electronic
You're Dreaming;Blues
JuJu Rogers;Electronic
Pendulum feat. DJ Fresh $pyda & Tenor Fly;Country
Guille Placencia;Reggae
Wires On Fire;Reggae
Dog Is Dead;Blues
The Koolaid Electric Company;Rock
Tanukichi;Jazz
Blackmill;Classical
Space Jesus;Blues
Shazalakazoo;Unknown
Berry Weight;Hip-Hop
Cypress Hill;Electronic
Moss Kena;Blues
Bartha 햗os Dannona;Jazz
Rat Boy;Country
Morgan Heritage;Hip-Hop
Skrein;Classical
Zonderling;Jazz
Envio;Blues
Skarra Mucci;Blues
Anik Khan;Unknown
Psy;Blues
The Hacker;Folk
Neonlight;Folk
Prop Dylan;Unknown
Taiki Nulight;Rock
Neverdogs;Classical
Major Lazer;Hip-Hop
Supersci;Unknown
Awolnation;Folk
Patrick Miller;Blues
Panda Dub;Unknown
Glen Porter;Electronic
Wolf da Capo AudioKnights Vienna;Country
Ribbs;Classical
Red Sparowes;Jazz
Samsara Blues Experiment;Reggae
Follin;Jazz
Nomadic Massive;Electronic
Dizraeli & Tom Caruana;Hip-Hop
King Louis Collective;Reggae
Weird Owl;Electronic
Cookie Jar;Reggae
Scotty;Jazz
Quasimoto;Electronic
Apster;Country
SBCR;Reggae
gyuris;Reggae
Rodney P;Reggae
KCB & Timmy Trumpet;Reggae
Chingy;Unknown
Edward Sharpe & The Magnetic Zeros;Reggae
ZHU;Unknown
The Polish Ambassador;Jazz
Kllo;Jazz
Artificials;Classical
Dj Suede the remix god;Blues
Witch Mountain;Hip-Hop
Tiken Jah Fakoly;Rock
Animato;Unknown
Little Big;Blues
Monkeybrain;Reggae
Fractures;Country
Gavlyn;Blues
Limbo Experience;Blues
Pizeta;Rock
Dropkick Murphys;Electronic
Mrsa;Classical
Bag Raiders;Blues
Fobee;Rock
Paramore;Classical
Vibesquad;Country
A Billion Robots;Reggae
[eLPKa];Rock
Freedom Fighters;Rock
The Flaming Lips;Reggae
IHF;Folk
Nae Sano;Classical
Mike Patton;Jazz
Smerins Anti-Social Club;Country
Audiophonic Mandragora;Reggae
Cat Dealers;Electronic
Moderator;Hip-Hop
Lecherous Gaze;Folk
Melvv;Electronic
Levela feat. MC Funsta;Hip-Hop
Songs: Ohia;Country
nari;Rock
Timmy Trumpet;Folk
Redfoo;Rock
Ben Rector;Classical
Of Monsters and Men;Jazz
DJ Anneli;Unknown
Movie Sounds Unlimited;Electronic
Kobito & Sookee;Rock
Twit;Rock
Interactive Noise;Blues
$Olal;Classical
DJ RUSLAN;Folk
slushii;Hip-Hop
Sonny Fodera;Hip-Hop
Lookas;Country
Rey & Kjavik;Folk
Oliver Schories;Folk
Rampue;Reggae
Dub Inc.;Folk
juliet meep;Unknown
AMpm;Hip-Hop
Smokey Joe & The Kid;Classical
Sage Francis;Country
Lorn;Folk
Shawn the Savage Kid;Rock
Hoogs;Classical
Wun Two;Rock
The Third Eye Foundation;Folk
Querox;Classical
Skullee;Unknown
MF DOOM;Electronic
Kazy Lambist;Unknown
Volatile Psycle;Folk
Shoffy;Electronic
Popof;Electronic
Healy;Classical
Raul Orellana;Reggae
Dub Phizix;Classical
Mndsgn;Rock
Loud;Reggae
Mister Modo;Unknown
Dossa & Locuzzed;Rock
Croatia Squad;Electronic
Charlotte Day Wilson;Jazz
State Of Mind;Hip-Hop
Logic;Blues
Tim Engelhardt;Classical
Rinkadink;Unknown
Snakehips;Folk
Normalize;Country
Joseph Capriati;Blues
JVST SAY YES;Blues
Crooked Colours;Electronic
Harry Potar;Country
Alcatraz;Country
Dimension;Unknown
ooz band;Hip-Hop
Hieroglyphics;Electronic
DJ Jean;Classical
L.O.O.P;Country
Mystical Complex;Classical
Marshmello;Jazz
Dubioza Kolektiv;Unknown
Hermes House Band;Classical
Murdock;Reggae
Plan B;Folk
Daley;Electronic
Per Hammar;Hip-Hop
DJ Phantasy;Rock
Le Bask;Unknown
Waldeck;Unknown
Winston McAnuff;Electronic
DJ Shadow;Rock
Rebekah;Rock
EMBRZ;Classical
glades;Rock
Aya Waska;Rock
Damian Marley;Country
Boris Brejcha;Folk
Day.Din;Electronic
SSIO;Electronic
StackOne;Hip-Hop
Dominator;Classical
Samity;Reggae
Dumbo Gets Mad;Jazz
Aggz;Hip-Hop
Alberto Fracasso;Country
Mapaputsi;Country
Filous;Classical
Cazztek;Country
J Balvin;Rock
Infection;Classical
Bad Liquor Pond;Reggae
Woods;Jazz
Foreign Concept;Jazz
Tapes;Rock
Ketamane OSC';Country
Dusky Grey;Classical
Babalos;Unknown
Blastoyz;Unknown
Oh Wonder;Unknown
Ralvero;Rock
Mira (Berlin);Unknown
Lost Son;Reggae
Neuromonakh Feofan;Blues
Music Junkies;Blues
Ghost Box Orchestra;Hip-Hop
Danger;Classical
Talking Heads;Unknown
Frauenarzt;Jazz
NuKid;Jazz
Pictureplane;Country
Djin Darane;Blues
Eptic;Unknown
Observer All-Stars & King Tubby;Country
Shame;Country
Tomawok;Jazz
Lil Peep;Hip-Hop
Flowen;Reggae
DeepSeaGreen;Electronic
The Brinks;Classical
Phibes;Hip-Hop
The Chef;Unknown
Grouch;Jazz
Blunted Beatz;Jazz
Annakin Slayd;Folk
CunninLynguists;Country
RAG;Blues
TroyBoi;Reggae
Grems;Blues
Dub Pistols feat. Rodney P;Reggae
YoggyOne;Country
Kalabrese;Folk
Shaggy;Blues
Pepper;Country
Madalen Duke;Rock
RAU;Hip-Hop
Groove Coverage;Folk
Killerwatts;Reggae
Dj JS-1;Rock
Bliss;Classical
Far East Movement;Hip-Hop
Thundamentals;Electronic
Star Slinger;Electronic
boulevard depo;Country
Low + Dirty Three;Folk
K+Lab;Rock
Otis Hajo;Blues
In the Valley Below;Rock
Sean Tyas;Blues
Wayne & Woods;Country
vaal;Classical
Marc E. Bassy;Country
DJ Vadim;Folk
The Giraffes;Classical
suicideyear;Hip-Hop
tryptamoon;Country
Shadow Child;Rock
Skipper;Blues
Thornato;Jazz
Zyce;Folk
BEXEY;Unknown
Harsh Toke;Classical
DL Incognito;Country
Veence Hanao;Blues
Mad Professor & Jah Shaka;Hip-Hop
Objekt;Electronic
Der Russe;Unknown
Bike For Three!;Hip-Hop
Real Estate;Country
Ludacris/Sleepy Brown;Folk
Ryan Blyth;Folk
Beauty Brain;Rock
AWOL ONE;Electronic
Post Malone;Folk
Boombox Cartel;Country
Milk & Bone;Blues
Edgar Mondragón;Country
Rita Ora;Unknown
SKIFONIX;Folk
Sound Providers;Electronic
Einmusik;Unknown
Shekel;Reggae
Sunka;Folk
Phontaine;Jazz
Jah9;Rock
John Williams;Unknown
Morten Granau;Jazz
Torsten Wiemann;Electronic
Rwake;Reggae
Dj Cotty;Country
Gabrielle;Blues
Débruit;Hip-Hop
Flughand;Folk
Blind Melon;Reggae
Basscannon;Rock
Free the Robots feat. Jessie Jones;Rock
Max Romeo;Folk
BLACKPINK;Country
Robert Nickson;Rock
Nicki Minaj;Hip-Hop
Polina;Blues
Chris Travis;Jazz
Punnany Massif;Jazz
Naïve New Beaters;Electronic
DJ Spinna;Rock
Foo Fighters;Jazz
Alpha & Omega;Jazz
Raco Rabanne;Rock
Alix Perez;Unknown
Franz Liszt;Jazz
Ninjaman;Jazz
Galandum Galundaina;Classical
Dzihan & Kamien;Jazz
Karneval!;Electronic
Television;Hip-Hop
Scratch Bandits Crew;Reggae
Shiva Shidapu;Folk
Liam Payne;Jazz
Tambroder Rodyn;Country
Sickless;Reggae
Saby Davis;Reggae
Earthlings?;Electronic
Dizraeli and the Small Gods;Reggae
The Constellations;Rock
Acoustic Wizard;Unknown
Hare Squead;Unknown
An-ten-nae;Folk
Wehbba;Rock
Mondo Drag;Folk
Ayatollah;Country
San'jyla;Folk
1200 Micrograms;Jazz
L'Entourloop;Reggae
Day Din;Reggae
Night Beats;Hip-Hop
Zed Bias;Hip-Hop
Elektrochemie;Jazz
Lil Yachty;Hip-Hop
Goldroger;Blues
Hippie Mafia;Reggae
Yves V;Folk
Dag Savage;Country
TESK;Country
Manudi;Rock
alt-J;Hip-Hop
Kudu Blue;Blues
Backbeat Soundsystem;Unknown
Earl Sweatshirt;Country
Work Drugs;Classical
General Levy;Unknown
Smif-n-Wessun;Electronic
Hux flux;Folk
Scred Connexion;Classical
Junior Kelly;Folk
Diplo feat. Lazerdisk Party Sex;Rock
Darkzy;Rock
Warrant;Country
System of a Down;Country
Edward Scissortongue;Hip-Hop
AFI;Folk
Pusha T;Reggae
CONRO;Jazz
Jóhann Jóhannsson;Jazz
Nianaro;Rock
Dualhead;Hip-Hop
Mr. Oizo;Blues
Wanted;Electronic
Mark Johns;Unknown
Comets On Fire;Rock
AFZ;Electronic
Citrusfly;Hip-Hop
Kill Frenzy;Jazz
Toil;Folk
Nicky Romero;Folk
kex kuhl;Classical
Adani & Wolf;Blues
Feu! Chatterton;Country
Zen Mechanics;Reggae
Flying Lotus;Classical
Markus Gibb;Rock
Milkwish;Classical
Mars Red Sky;Rock
Metastaz;Country
Tiësto;Hip-Hop
Zomboy;Country
In Zaire;Folk
Ugly Heroes;Reggae
Sons Of Maria;Jazz
Stiwie;Jazz
Breakbot;Folk
helistofax;Blues
Orgonite;Rock
BlaZy;Classical
Rido;Folk
Charlie Puth;Reggae
Koutev Bulgarian National Ensemble;Classical
Maxy pley One;Jazz
Phil Martyn;Hip-Hop
Owiny Sigoma Band;Blues
Smoof;Unknown
All Them Witches;Electronic
Vitalic;Electronic
Felckin;Reggae
Clem Beatz;Electronic
Example;Electronic
Konichi;Unknown
Capone-N-Noreaga;Jazz
Marek Hemmann;Country
La Granja Orchestra;Reggae
Chabert & Balken;Hip-Hop
Morcheeba;Unknown
Eprom;Country
The Palms;Rock
Du Tonc;Unknown
Wild Ones;Hip-Hop
Andy Stott;Hip-Hop
RVSSIAN;Jazz
Yelle;Blues
Girls;Country
Amnesia Scanner;Unknown
Die Antwoord;Hip-Hop
Sweet Valley;Reggae
HYDDE;Electronic
Behmer;Reggae
Szabó Benedek és a Galaxisok;Country
Wax Motif;Country
Finding hope;Hip-Hop
Peter Niemi;Electronic
Monster Rally;Electronic
Michael Andrews;Folk
Erik Arbores;Hip-Hop
Terra;Unknown
Fantasia;Folk
Pang!;Country
Earstrip & Torha;Classical
Axel Thesleff;Rock
Mila J;Jazz
Ummet Ozcan;Electronic
Sevenn;Electronic
The Toten Crackhuren im Kofferraum;Reggae
Martin Landsky;Classical
GEN2.7;Classical
Öresund Space Collective;Blues
Flexxa;Jazz
Leyya;Unknown
your best friend jippy;Electronic
Shivatree;Jazz
13 & God;Jazz
Wilco;Unknown
King Orgasmus One;Blues
cLOUDDEAD;Blues
Toronto 7s;Rock
Northeast Party House;Unknown
Pavement;Country
OBESØN;Electronic
Black Chow;Jazz
Phaxe;Folk
Solillaquists of Sound;Classical
Cassey Doreen;Hip-Hop
Big Red;Hip-Hop
Bebetta;Classical
Robag Wruhme;Rock
Mt Eden;Folk
Django;Jazz
Economic Crisis;Rock
Billy Joel;Electronic
Chali 2na;Country
Acid Baby Jesus;Electronic
Masta Ace;Blues
AlgoRythmik;Country
Simone Tavazzi;Folk
Bedina;Folk
The Truth;Reggae
Nebula;Folk
TV Noise;Electronic
StepArt;Unknown
Polygon Window;Blues
DJ Antoine;Hip-Hop
Emperor;Hip-Hop
Dyro;Classical
X Ambassadors;Folk
Eric Fullerton;Jazz
Dirty Dubsters;Folk
Kinski;Unknown
Kavinsky;Reggae
Zion Refresh;Reggae
Noah and the Whale;Reggae
losco;Classical
Leaf Dog;Jazz
Dub Pistols feat. Darrison Sir Real & Dan Bowskill;Rock
vinne;Rock
Nick Modern;Reggae
Halid Bešlić;Reggae
Vad Fruttik;Blues
Bojac;Classical
Fingathing;Jazz
The Village Bunch;Classical
Loadstar;Blues
Felly;Folk
OK Go;Electronic
Brent Kilner;Classical
Broken Note;Hip-Hop
Maybeshewill;Rock
They Dream By Day;Unknown
Olly Murs;Jazz
Cathedrals;Jazz
MC Pikachu;Reggae
Akua Naru;Unknown
Roudoudou;Classical
Lack of Afro;Folk
Captain Accident;Reggae
Reeloop;Hip-Hop
Tumi & The Chinese Man;Classical
Mungo's Hi Fi;Reggae
People Press Play;Classical
Killakikitt;Blues
Nightmares on Wax;Jazz
Jason Risk;Rock
Monika Kruse;Jazz
Sun Dial;Reggae
Jean-Michel Jarre;Reggae
expand or expire.;Unknown
Hempress Sativa;Jazz
Meni und Deve;Jazz
B12;Electronic
The Heliocentrics;Blues
Mad Chronic;Rock
Forest Swords;Reggae
Crystal Castles;Country
Michael Woods;Classical
Royal Flush;Unknown
Alvaro;Electronic
The Entrance Band;Jazz
Phantogram;Country
Shogun;Reggae
Truckfighters;Reggae
Robot Koch;Country
Chapeleiro;Classical
Depeche Mode;Blues
Wax Tailor;Electronic
Karol G;Jazz
Meghan Trainor;Folk
Man With No Name;Reggae
Adventure Time;Jazz
Abel Nesian;Unknown
Sungrazer;Rock
Pokémon;Reggae
Sesto Sento;Hip-Hop
Earthling;Blues
Focusity;Jazz
Retrogott;Country
Willow Beats;Rock
Andy Kayes;Electronic
Gotek;Blues
PillowTalk;Folk
Duck Sauce;Country
AudioJack;Blues
Aliman;Rock
Quantize;Folk
Billy Bragg;Folk
Indra;Hip-Hop
The Cat Empire;Hip-Hop
Smoke Trees;Electronic
Osher;Rock
Burn in Noise;Country
Jauz;Rock
sergioisdead;Blues
Rahmanee;Classical
Weezer;Blues
Noah Slee;Country
Drunksouls;Jazz
Carlton Melton;Reggae
Danger Mouse;Reggae
Sub6;Electronic
FLUX THE CYNIC;Electronic
midnight (@teddy.xoxo);Hip-Hop
The Jesus Lizard;Folk
Benasis;Classical
Rossi;Electronic
Dan Croll;Rock
Spaces Between;Blues
Crumb;Unknown
Daecolm;Reggae
Milk & Sugar;Reggae
Daniel Yount;Jazz
Hall & Oates;Country
Andrew Benson;Folk
AyokAy;Jazz
Churchill;Country
Novo Amor & Ed Tullett;Reggae
Gregori Hawk;Hip-Hop
Satori;Rock
J. Rawls;Reggae
ASD;Hip-Hop
Outerspace;Jazz
Zion Train;Blues
Broadcast;Unknown
ASG;Unknown
Sola Rosa;Folk
Boris;Unknown
Question;Classical
ASM;Jazz
The Dø;Country
Golden;Folk
Hymie's Basement;Country
CUT_;Country
The Flashbulb;Country
Sodrumatic;Country
jpdreamthug;Blues
G-$tack;Rock
Iskra;Folk
bAD gIRLZ;Classical
Borka;Reggae
Ozuna;Folk
Jt Labo 14;Classical
Nextro;Classical
Toto;Country
Old Sea Brigade;Jazz
MC Sapão;Unknown
Mandragora;Unknown
De Sluwe Vos;Jazz
Antagon;Reggae
Zeb;Jazz
Ghost;Hip-Hop
BROCKHAMPTON;Blues
Brown Bag AllStars;Rock
Horsedick.mpeg;Unknown
Bizzey;Country
Mountain Witch;Electronic
Van Canto;Rock
Hot Chip;Reggae
SIKDOPE;Classical
Zes;Jazz
Solstis;Hip-Hop
Vaski;Electronic
Nick Weaver;Hip-Hop
Steve Hauschildt;Country
Headroom (SA);Electronic
Nancy Sinatra;Hip-Hop
Join da Tease;Electronic
Dead Can Trance;Folk
Busdriver;Rock
Protonica;Reggae
Cass McCombs;Blues
Bromheads;Blues
The Holy Santa Barbara;Electronic
A$AP Ferg;Rock
OceanLab;Reggae
Heinrichs & Hirtenfellner;Jazz
DJ Sly;Jazz
Kongos;Rock
hiperkarma;Reggae
Darondo;Reggae
Michael White;Jazz
The Dandy Warhols;Rock
Sérgio Mendes;Rock
Prince Royce;Classical
Victor Ruiz & Alex Stein;Unknown
The Chemical Brothers;Hip-Hop
Chapelier Fou;Rock
Fabian Mazur;Blues
Dusty Kid;Rock
Harmonika;Folk
Soviet Suprem;Rock
6LACK;Jazz
Rida Radar;Electronic
Biting Elbows;Jazz
Proxy;Reggae
Riot Jazz Brass Band;Blues
Sevn Alias;Reggae
Mad Professor;Folk
Hexvessel;Classical
Lotek Hi-Fi;Country
The Planty Herbs;Reggae
The Great Escape;Electronic
Mina Knock;Electronic
Kevin Roldan;Unknown
Peace;Electronic
Depth Affect;Jazz
Feder;Electronic
Sujatha;Blues
Nomine;Hip-Hop
Astrid Engberg;Electronic
Smartface;Country
Guinney Pepper;Jazz
Janice;Jazz
Spacemen 3;Jazz
Robotic Pirate Monkey;Reggae
The Reactivitz;Rock
Sixtoo;Hip-Hop
Hugo;Unknown
Phi-Life Cypher;Blues
El_P;Blues
Drugganaut;Hip-Hop
Alborosie;Country
Magdalena Bay;Unknown
Aeroplane;Folk
Ancient Astronauts;Unknown
Christolikid;Electronic
FootriX;Country
Sickick;Jazz
Dubphonic;Blues
D*Note;Folk
The Bloody Beetroots;Folk
A-LOW Rx;Classical
Disarstar;Hip-Hop
Tumi and the Volume;Classical
Fedayi Pacha;Rock
Tomorrows Tulips;Classical
French Government;Electronic
Tranquil Forest Effect;Reggae
Tomsize;Jazz
Fabian Römer;Hip-Hop
Birocratic;Blues
My Nu Leng;Reggae
Sixty Watt Shaman;Jazz
Eroded Sky;Rock
Whirr;Folk
Instupendo;Hip-Hop
Norman Doray;Reggae
Fat Freddy's Drop;Rock
Vegas (Brazil);Electronic
Tam Cooper;Classical
Fear of Men;Reggae
Daniela Andrade;Reggae
Dinosaur Jr.;Country
The Go! Team;Reggae
Heavy Times;Hip-Hop
DJ Fabio;Electronic
Joey Smith;Country
Digital Rush;Hip-Hop
Maceo Plex;Reggae
Klangkuenstler;Blues
Undercover;Folk
Raggabund;Hip-Hop
The Reason;Classical
Vortek's;Electronic
The Constructus Corporation;Blues
Saltillo;Folk
Polographia;Blues
OxiDaksi;Unknown
Azax Syndrom;Classical
Kaminanda;Classical
Etherwood;Unknown
Nicolas Repac;Jazz
Kottonmouth Kings;Electronic
The Seeds;Electronic
Orange Goblin;Hip-Hop
Kingpink;Jazz
Curlyman;Folk
Sonic Sense;Classical
Juliet Fox;Hip-Hop
Saviours;Hip-Hop
Rodney Hunter;Hip-Hop
DeepDelic;Blues
Aminé;Reggae
B-Side;Blues
Calyx & TeeBee;Electronic
Abstract;Hip-Hop
Energy 52;Electronic
Benjamin Francis Leftwich;Blues
Mutemath;Hip-Hop
Joris Voorn;Electronic
Mud Walk;Country
Harry Romero;Rock
Mistahnice;Electronic
Von D;Hip-Hop
Lil Holt;Jazz
Dennis Dj;Reggae
Limes;Country
Hayden James;Classical
Trailerpark;Classical
8Ball & MJG;Folk
Run the Jewels;Rock
Sasasas;Reggae
Soufian;Folk
Sizzla;Reggae
Ego Trippin feat. MC Shaydee;Jazz
Tiara Thomas;Jazz
Vlad Rusu;Country
Smellington Piff;Hip-Hop
Asteroid;Folk
Sunmonx;Unknown
Bingo Players;Electronic
Rhodz;Blues
Living Colour;Reggae
Tchami;Electronic
Damion Davis;Rock
The Fall;Folk
DOMINATOR & LOGAN D;Rock
New Politics;Classical
Aphex Twin;Folk
Neon Trees;Rock
Clozee;Reggae
Jeff Doubleu;Folk
Lightsphere;Rock
Gaia;Electronic
Hilltop Hoods;Jazz
The Prodigy;Folk
Caspa;Classical
Maree Docia;Rock
Propane;Unknown
Riddim Commission;Unknown
Egypt;Jazz
Robyn;Unknown
Matador;Jazz
Fu Manchu;Country
Novo Amor;Electronic
Dirtyphonics;Folk
BOOGIE VICE;Jazz
Johannes Heil;Classical
Greckoe;Country
5MIINUST;Classical
Lliam Taylor;Rock
SBK;Rock
Rowlan;Country
Robert Lõvi;Country
Sheavy;Hip-Hop
Lee Scratch Perry;Blues
Thee Cool Cats;Blues
DJ Mitsu the Beats;Blues
Aneesh chengappa;Unknown
Schulleri;Jazz
Socalled featuring C Rayz Walz and Katie Moore;Electronic
Ancient River;Unknown
Flare Florence;Unknown
Spirit Architect;Country
Elfo;Electronic
Isaiah Rashad;Blues
Moonraisers;Reggae
ATLiens;Hip-Hop
Theophilus London;Blues
A.Squared;Folk
Frank Ocean;Blues
TiDUS;Rock
Melt-Banana;Reggae
