"#","Title","Artist","Album","Duration","ISRC","Spotify URL"
"1","Voodoo","Lexicon","Youth Is Yours","3:60","US25X0703602","https://open.spotify.com/track/0r6kBIBWSjLz7KLvsPy2KJ"
"2","Little Man - Original","Tinush","Wasser, Brot Und Improvisieren","6:17","DEAR41223854","https://open.spotify.com/track/2zm3gTpxXxOLfjwQiBhET8"
"3","The Well","Scarecrow Blues Hip Hop","The Well","3:11","FR9W11400601","https://open.spotify.com/track/310FP1pQwXhGmWa95Hkh2F"
"4","Turn the Sound up!","Dr. Syntax","Elaborate Anoraks","2:59","GB2X71100045","https://open.spotify.com/track/1VEubGWOzIACmpp1GBABMx"
"5","Burn Babylon Coke","Blasta , Solo Banton","Burn Babylon Coke","4:42","DEKB70913156","https://open.spotify.com/track/4SVgh9NKcjmAx4zaNhsPAw"
"6","Faidherbe Square feat. Mister Colfer and DJ Crabees","Proleter","Curses From Past Times EP","3:52","FRP621313460","https://open.spotify.com/track/0TS2wQoEmSfx658p8SyjGc"
"7","Arrows","Icicle","Under the Ice","4:07","GBPWR1100126","https://open.spotify.com/track/1CD8xFfBGYkuhszBQ75txx"
"8","Mach dein Ding","Stoney Moe","Babylon Evangelium","3:28","DEKE51202484","https://open.spotify.com/track/3JHyTcdJiSa22OAqrM2Hcq"
"9","Upgrade","Klopfgeister","Smiles & More","7:46","DEKC41200253","https://open.spotify.com/track/75OwZ8sGEmUtd7H0zQ1SLk"
"10","Insane In The Brain ft. Horseman","Prince Fatty","Supersize","3:22","USA561045439","https://open.spotify.com/track/4UxgqHKipUw2NgNcdPrs3l"
"11","Badman City","Kahn","Kahn - EP","4:14","GB6NV1300006","https://open.spotify.com/track/4G4LRhCTBN6nERsR7EWyKQ"
"12","Fitta Happier","Guilty Simpson","Quakers","2:45","US2S71284003","https://open.spotify.com/track/23D7hGT17zIxle0jcrNUZI"
"13","Rich","Cosmo Sheldrake","Pelicans We","4:29","GBKZV1425078","https://open.spotify.com/track/4jKSl2zp59HzK76UcuFtJs"
"14","Libre","MC Madjah","Entre 2 mondes","3:34","FR6V81413744","https://open.spotify.com/track/22gtumxcNHlUoZa9NherPD"
"15","In Love With Mary Jane","Illuminati Congo","Green Is All I Need","4:08","ushm91333515","https://open.spotify.com/track/0jlpzq0X2T1Ar6QfkdsOf8"
"16","MDMA","Joshi Mizu","MDMA","3:49","DEQ121425947","https://open.spotify.com/track/32cjkXNY6Kp0lIBANYxKWl"
"17","Sonderling - Radio Edit","Zonderling","Sonderling","3:47","NLSQ61200010","https://open.spotify.com/track/2gwjA5FHcW0ALe7SfrGtCH"
"18","Ziehn Digger","Herr von Grau","Freiflug","4:47","DERQ81300005","https://open.spotify.com/track/3T0jviXYdutG4Wxs6AXrIl"
"19","Rude Boy","Dub Inc.","Rarities","5:16","EGA130003890","https://open.spotify.com/track/7lQrueoFy1UAbXm32U3Cf7"
"20","Quebec","Grant Lazlo","Alibi Afternoon","4:25","DEDW91500617","https://open.spotify.com/track/12N2ZY3TnPdLtZppaAatmg"
"21","4/15/1998","Rob Viktum","Progress 2","2:25","USTCE1028152","https://open.spotify.com/track/5mkubPuSY6SxWXRHPTyEzL"
"22","Minor Swag","N'to","Monkey Man","6:45","DEAA21400097","https://open.spotify.com/track/3tZdaGDtHy6y9bRcvaPNv1"
"23","Brains Escape (feat. Simon)","Ganja White Night","Mystic Herbalist","6:26","TCABL1338580","https://open.spotify.com/track/7dUmKHgFRCgau0S5fAONnT"
"24","Empire","Banx & Ranx","Empire (Original Mix)","3:34","CA5KR1053225","https://open.spotify.com/track/6KCsxMcF7j4bObmoiPM3t0"
"25","Ackan","Sido","VI (Deluxe)","4:18","DEUM71501573","https://open.spotify.com/track/3OqbJh3CuzC1WQkfswb7xb"
"26","The Blues (It Began in Africa)","Romare","Meditations On Afrocentrism EP","3:55","GBTQV0800151","https://open.spotify.com/track/0gOxMzheaAPk6cLWBIk5fc"
"27","Taboo","Gater","Taboo (feat. Chesty Morganstein)","4:19","DEBL60408851","https://open.spotify.com/track/5CVOeNkatHhW7Uc7M7zffK"
"28","Money ah dem god (feat. Lady Chann)","Dreadsquad","The Riddim Machine","3:10","PLD641200045","https://open.spotify.com/track/5zwO1RcuqxPGGXJH4hwz32"
"29","Pure Gold","Calyx","All Or Nothing","5:32","GBBZH1291502","https://open.spotify.com/track/0SXIJTI8CmGfpPOpIMrWpV"
"30","The Words","Flox","The Words (Bonus Version)","4:42","FR6V80834987","https://open.spotify.com/track/0NcnyoQ7MboDoRlIiPGqwU"
"31","Kuroi Ame - Black Rain","DJ Krush","Kuroi Ame - Black Rain","4:40","JPZ921201651","https://open.spotify.com/track/0VRPdry6t4dZyHrjB0h8Vg"
"32","Jiffen","Milonair","AMG","2:49","DEQ121423208","https://open.spotify.com/track/2SdibylNSBOJCWyA3NX22A"
"33","Benzi Box","Danger Doom","The Mouse And The Mask","3:00","USEP40513105","https://open.spotify.com/track/1sQJBWNnEilrbw0eZzR1jK"
"34","Negative ROI","Boeboe","Buy Sell Bye Cell","4:08","NLT461300384","https://open.spotify.com/track/1vjzmLV5FuAKe6Nq3pD9Tx"
"35","Changes","Mala","Forgive / Changes","6:51","GBZSU0900007","https://open.spotify.com/track/4QeJJXqKtMDFYMWhcvwdMU"
"36","Can't Keep Me Down","Cypress Hill","Cypress X Rusko EP 01","3:23","GBUM71203716","https://open.spotify.com/track/4wst0mbupF5LENm7RD98Mx"
"37","Dots","DJ Premier","Beats That Collected Dust Vol. 2","3:06","TCAAZ1187272","https://open.spotify.com/track/65rqpfpniwN2ujxzquOr13"
"38","Run Ames","Kimyan Law","Coeur Calme","5:10","GB2DL1400026","https://open.spotify.com/track/2W6FUo3dwOTAQiIPelga2Y"
"39","Bones","Be Svendsen","Circle","7:55","DKZVA1460572","https://open.spotify.com/track/44PS8lB5MuUKnqMnmtZWX6"
"40","Walk the Walk","N3gus","Walk the Walk","3:24","QMBZ91440806","https://open.spotify.com/track/4MJ0EeFpwhuOqKJu3D8rGq"
"41","Yogibär","Megaloh","Endlich Unendlich (Deluxe)","3:25","DEUM71300191","https://open.spotify.com/track/4FThACeT9BB0d4u2JGaiYu"
"42","Wölfe","Kontra K","Wölfe","3:38","DEQ321400159","https://open.spotify.com/track/0veF6HiUngukNoex3uVmHO"
"43","Yiddish Love","Akshin Alizadeh","Street Bangerz Volume 8","3:39","USEAX1401586","https://open.spotify.com/track/4RV7x90qVtmV7ywaD8Smg1"
"44","Lots of Herbs","Junior Kelly","Piece of the Pie","3:11","US4R31337374","https://open.spotify.com/track/0fLJ474nm6kTFzo96rqVOl"
"45","Heavyweight Sound","Wax Wreckaz","Heavyweight Sound (feat. Dynamite MC & Singer Blue)","4:16","DEZ651361177","https://open.spotify.com/track/2QtosyuhhpMzwUCKLbOt4I"
"46","Summer Days - Radio Edit","Soom T","Summer Days","3:36","GBW8L1200008","https://open.spotify.com/track/0zlDAbv4NjAiW3apylTLJ2"
"47","Red Hook Day","Shabazz the Disciple","The Book of Shabazz (Hidden Scrollz)","4:47","USS1N1067003","https://open.spotify.com/track/25ZnLelhEKRwcsP7ycTEgb"
"48","If I Had a Heart","Fever Ray","Fever Ray (Deluxe Edition)","3:48","SEWCE0900201","https://open.spotify.com/track/2CsyBDeoseWK98FOGbSiZR"
"49","Far From Any Road","The Handsome Family","Singing Bones","2:48","GBJCP0900421","https://open.spotify.com/track/5cq7IxxCTwE1c58ckgELsc"
"50","Walkin'","Ocean Wisdom","Chaos 93'","3:55","GB6ZW1500647","https://open.spotify.com/track/3KLAVrzY77ZlbQ3GOLZ8CX"
"51","The Garden (feat. Puppetmastaz)","Mustard Pimp","No Title Or Purpose [Deluxe Edition]","3:52","USDM31100081","https://open.spotify.com/track/0zPaiI2ugY838YCEBTSUsZ"
"52","Voices","20syl","Motifs","4:25","FR9T31400005","https://open.spotify.com/track/4axWAPt35YaON3TG9J52gq"
"53","J'accuse","Saez","J'accuse","4:29","FRZ641000006","https://open.spotify.com/track/5hTVVdQwPOFEGAD4sdQLqN"
"54","Put Your Lighters Up","LMK","Starting Block","3:53","FR0U91402102","https://open.spotify.com/track/77J8XwLS1Pm1m8fcyMDl5G"
"55","Free tibet","Hilight Tribe","Love medicine & natural trance","5:60","FR6V80200781","https://open.spotify.com/track/1form6XxaJCcp9CoU3Qxos"
"56","Le Petit Communiste - Original","Tetra Hydro K","Basse Equitable","4:47","USLZJ1378246","https://open.spotify.com/track/4XxiMNkrFpJOo4eMBLD5QQ"
"57","Tous les weekend c'est Jamski","Aya Waska","Tous les weekend c'est Jamski","3:33","FR6V80893816","https://open.spotify.com/track/6nrnBNOLvohE4glFs0Dxcx"
"58","Trancer","Hilight Tribe","Love medicine & natural trance","6:59","FR6V80200782","https://open.spotify.com/track/67BTovH1bjsuU8cEAAtVIj"
"59","In The Back Of My Ship (feat. dOP)","Nôze","Dring","5:30","DEBE71100025","https://open.spotify.com/track/2CTgzBtnjmYTyM1QlReruo"
"60","Chase The Devil","Max Romeo","Lee 'Scratch' Perry & The Upsetters: Super Ape & Return Of The Super Ape","6:50","USUM71208214","https://open.spotify.com/track/55qriZNMpxcQc4ZTgYuIrQ"
"61","Sun Goes Down (ft. Promoe)","Bellaroush","B E L L A R O U S H","4:22","SEVQU1403603","https://open.spotify.com/track/4kaPGNEZ1XMs0KzdcJ7gBw"
"62","Bombaclaad Star","Liquid Stranger","The Arcane Terrain","7:13","CAM491100002","https://open.spotify.com/track/0GhHiHQl4T0Z5LaTHjR5pT"
"63","Oh My Gosh","Jamaram","Almost Hits","4:03","DESE81300012","https://open.spotify.com/track/5rgKrzPEJ0ZpxSg0lqadwM"
"64","The Dude","Kronfeld","The Freaks","7:18","DEKC41202058","https://open.spotify.com/track/4inmdVDscYASACoN69LDfB"
"65","Stupid Money (feat. Assassin)","Wayne Marshall","Tru Colors","3:47","QMCTU1300003","https://open.spotify.com/track/1IdmJfZlD8VdqJ5BRz4KiI"
"66","I Robbed A Bank","Hippie Sabotage","Vol. 2","4:09","US7SR1400017","https://open.spotify.com/track/4ZbxSqLBIBDzuur5qTVbJi"
"67","Book of Job","Nneka","My Fairy Tales","4:31","DEBL61402013","https://open.spotify.com/track/3gElWl8QsmchfSUzceKHyI"
"68","Faded","Berner","Prohibition","4:33","USUYG1054205","https://open.spotify.com/track/44WG43lprS0ZO3zQEBBOEc"
"69","M.O.P.E","Ambassadeurs","M.O.P.E","5:04","GBFBC1501258","https://open.spotify.com/track/4R3Cp4YmYqJEw3URx8eu5P"
"70","Moments","Upgrade","Moments","7:03","BEY921507275","https://open.spotify.com/track/0ArKrFIyDj1mOFLj2IdVjg"
"71","Aladin - Original Mix","Mandragora","Aladin","4:49","GBLV61520624","https://open.spotify.com/track/4ZBPl8bv68teqVD2OFMFmy"
"72","Sensimilla","Iriepathie","Aufwiederhören","5:03","ATI211306411","https://open.spotify.com/track/2qtCfal8Xh1tLsKXy6NbOy"
"73","Yeah Yeah Yeah","Kognitif","Soul Food","4:08","TCACF1576204","https://open.spotify.com/track/5u2chFalnZgdgN8K3YKxI0"
"74","Possible","Senix","Possible","7:10","DENV21000194","https://open.spotify.com/track/212LZxZJ2Ygi4tU7puWhw4"
"75","Bad Motherfucker - Original Mix","Mandragora","Bad Motherfucker","4:25","GBKQU1614345","https://open.spotify.com/track/7CAUC3iSamWOX2Az8eDaTj"
"76","Swan Lake","Blackalicious","Melodica","5:39","USA2P1212008","https://open.spotify.com/track/3modItPxv7WPVIuSMLW496"
"77","Black Widow","Ganja White Night","Mystic Herbalist","7:27","TCABL1338571","https://open.spotify.com/track/3Fpdu8wuyMA9RyNUilUqVU"
"78","DNA Activation - Original Mix","Mandragora","La Españolita","4:27","GBKQU1532524","https://open.spotify.com/track/6qyqO4lsQNlUMdf0Vccgx5"
"79","The Basis","Lack Of Afro","My Groove, Your Move","5:10","GBJSH0925708","https://open.spotify.com/track/5IVF6G0wk3icpfq9UUOmVx"
"80","Outside","TENDER","Outside","4:10","USBQU1600149","https://open.spotify.com/track/7Mvs7W9M0OWJbDMGKd9ile"
"81","From Nowhere - Draper Remix","Dan Croll","From Nowhere (Remixes)","3:39","GBUM71400560","https://open.spotify.com/track/74DaUipyqqHC1zPbSJ47iN"
"82","Skin Contest (feat. JSTJR)","ABSRDST","Love In The Making","3:59","USA2P1456027","https://open.spotify.com/track/42SIoYLgFhQpjQiHuAYK2N"
"83","Nein Mann - Radio Edit","Laserkraft 3D","SLAM! FM Presents Grand Slam! 2009 Volume 3 & 4","3:49","DEL711010086","https://open.spotify.com/track/3BJSfgwHm79wGKYjLVQlR3"
"84","Redbone","Childish Gambino","Redbone","5:27","USYAH1600107","https://open.spotify.com/track/1AlcpxsgzYwAJ1SfMPPWU4"
"85","Pokemon Go","XS Project","Pokemon Go","3:41","TCACQ1676727","https://open.spotify.com/track/7s7vlyqkV6x7tKr9nZv0Rd"
"86","Deeper - Original Mix","Grouch","Further","7:04","GBKQU1141277","https://open.spotify.com/track/6WoMub1PkuvnqffQTVQYdS"
"87","Hmu (feat. Clay Parnell & Rory "Sweet Boy" Dolan)","Space Jesus","Atom + Eve","4:07","TCABY1400287","https://open.spotify.com/track/5F3t5WgLyBX2W7un8IXiLD"
"88","The Way Life Should Be","Morten Granau","Music WithOut Borders, Chapter 1","7:02","IL4081000026","https://open.spotify.com/track/5vZC7p9GezRySkjGSrAMAt"
"89","Angels of Destruction - Neelix Remix","Phaxe","Angels of Destruction (Neelix Remix)","7:58","DEKC41400049","https://open.spotify.com/track/3fW0qHrlcv8y0pc6SHo66V"
"90","Indian Poem","Grand Soleil","This Is a Good Day","4:01","FR9W11502772","https://open.spotify.com/track/5SQvpg7jNxgrl8cg5MwwoB"
"91","Great Spirit","Armin van Buuren","Great Spirit","3:36","NLF711609190","https://open.spotify.com/track/3Nku6gLNqnwUuq8GLkqyhW"
"92","Lotus Heart - (Kalya Scintilla Remix)","Desert Dwellers","DownTemple Dub: Remixed","6:42","USWS41212607","https://open.spotify.com/track/2LSzJeZvwTflDa6A5lwV6n"
"93","Blow (Original Mix)","Clyde P","Sleep and Fuck - EP","6:41","FR9W11413452","https://open.spotify.com/track/44qEsx950epl7VNsN4KbNE"
"94","Zoom","Blastoyz","Blastoyz + Friends vol.2","6:41","BEY921607272","https://open.spotify.com/track/5r69A87KyL53dnEsT8GUNC"
"95","Trippin in Paris","Coming Soon!!!","Trippin in Paris","5:37","DEKC41600070","https://open.spotify.com/track/7o543DFDyRqg4QE6JUDzgw"
"96","Power of Acid","Ranji","Power of Acid - Single","9:08","DEGA21501842","https://open.spotify.com/track/7FbAwfXjDH8bW9rhNARU2E"
"97","Stand Up (Some Things'll Never Change)","Guru","Jazzmatazz Vol. 4: The Hip Hop Jazz Messenger (Back to the Future)","3:37","USZ820700003","https://open.spotify.com/track/6hV0FdkwUcQATaaZoTZTrU"
"98","ADHD","Royal Flush","ADHD","6:08","DEKC41400111","https://open.spotify.com/track/27e7QQ4ynx9CB6gnM53b4o"
"99","Jakob","Christopher Schwarzwälder","Akumal","6:57","DEH741211343","https://open.spotify.com/track/1xPVUJkHNhlgusF0VCjmqh"
"100","Princess of Tai Mei - Original Mix","Hi Profile","Princess of Tai Mei","7:15","GBKQU1592916","https://open.spotify.com/track/6jFANVEv41oTi7yXVpjr3Q"
"101","You And Me - Original","Querox","The Life & Me","7:54","DEAR41176028","https://open.spotify.com/track/6DJY4j19K6cPN07L9fCR6k"
"102","Mein Kumpel Spalding","Marsimoto","Grüner Samt","3:25","DEQ321100229","https://open.spotify.com/track/3205ROwVa64zeEJ26OhwAb"
"103","Shuffle on (feat. P.keys)","Zeier","Shuffle on (feat. P.keys)","3:24","QM4DW1507602","https://open.spotify.com/track/4SeHRLfNI0aM1aUfAJSs3g"
"104","Ferien Zu Haus - Original Version","I-FIRE","Ferien Zu Haus","3:51","DEHI50800001","https://open.spotify.com/track/3SV3nLYpHyL9tvWNYYitiB"
"105","Cornetto - Dumme Jungs Remix","Marla Blumenblatt","Cornetto","3:29","DEQ321300137","https://open.spotify.com/track/6xNa4orl244LhQ2mxeArf0"
"106","Willing To Die","St. John","Willing To Die","4:09","USA2P1139825","https://open.spotify.com/track/4k1Keo5A1cVrWGt4f89xYp"
"107","Reptilians","Fant4stik","Reptilians","5:31","FR0U91500993","https://open.spotify.com/track/25E7yslbiIZ1Wfe6lLcxU5"
"108","Showmaster","Beginner","Bambule","4:17","DEA859800193","https://open.spotify.com/track/0kAABpiC0Lmzqnd3pcrY5F"
"109","Kuku","Natureboy Flako","Natureboy","3:43","GBT7D1100081","https://open.spotify.com/track/1LzwylzATpuM5L7FMu67r1"
"110","Je veux - Bonus Track","Tinush","Collection 01","4:33","SE3OH1602708","https://open.spotify.com/track/64Pg1E1a1M2aDHos3DjTDF"
"111","Slavery (feat. Sena Sener)","PaulWetz","Slavery (feat. Sena Sener)","3:56","TCACF1568409","https://open.spotify.com/track/7ij87D9eKK9pkfCFsuVNXh"
"112","Its Only Dreams","Class A","Classic EP","7:56","DEGA21200723","https://open.spotify.com/track/4oKRvi3I9y6Xmjmxcazw9k"
"113","Spartan Force","Interactive Noise","The Nine Stories","6:29","DEKC41600025","https://open.spotify.com/track/06vgdbPgD3cEcDEqFYo10X"
"114","Don't Touch","Dan Farber","Gangsta Sh*t EP","3:50","USDM31572804","https://open.spotify.com/track/2VFeemadeo0qFMq24UlUGN"
"115","Blouse an Skirt","Caspa","Blouse an Skirt","3:30","GBZCP1500001","https://open.spotify.com/track/7leMyATHHFQcdAYv79Gg1T"
"116","Partybitch III","Neodisco","Krawalle und Liebe","4:00","ATB151200171","https://open.spotify.com/track/6JnUhiBhYp9ULq09DYZrOM"
"117","Chiron","Alix Perez","Shades - EP","3:30","US25X1087647","https://open.spotify.com/track/78qzHV0pRmcseAZtwHvuhb"
"118","Притоптать","Neuromonakh Feofan","Притоптать","2:56","TCACG1549080","https://open.spotify.com/track/237aae2ny7EG1eP2BJHeCM"
"119","Mano Chao","Oriente","Desorientado Sem Cortes","5:46","US7VG1616099","https://open.spotify.com/track/2KmoqNPLiFg07KmSvUsVCQ"
"120","La Purge - Original Mix","Comah","La Purge","6:57","GBKQU1507271","https://open.spotify.com/track/05A62RGZaVU6engJSrWihj"
"121","Kunst","Miwata","Kunst","2:57","DEQK11500130","https://open.spotify.com/track/4JiGiEkJCmepFbHYdsCsRI"
"122","Evolve","IHF","Departure","3:13","TCACS1677159","https://open.spotify.com/track/3f1FF3D1RLPITh6fNHFukM"
"123","Caution","Damian Marley","Caution","3:51","USUM71606240","https://open.spotify.com/track/7g31T7rSuw6VuVVAD5YQ8O"
"124","This Song Remains Through All - Clockwork Remix","ABBY","Evelyn","6:20","DEUM71302200","https://open.spotify.com/track/1an69OKpxeOqkdX3CrB9ew"
"125","Shades","Dark Sky","Myriam","8:08","DEOE81220091","https://open.spotify.com/track/5tHRfAHD2emE5Wg3qP4iNc"
"126","The Prospector","Ed Scissor","Chavassian Striking Distance","6:55","GB6ZW1500578","https://open.spotify.com/track/1hiwaehB4jEYWJy4wwUdES"
"127","The Moon of Pejeng","Instant Party! & Breaux","The Moon of Pejeng","3:41","QM4DW1546379","https://open.spotify.com/track/4B5n68kZxFo6wwNZKaf6HZ"
"128","Leila","Mira (Berlin)","Leila","7:46","DEY470931329","https://open.spotify.com/track/1LW5BwY4nUGJdS0z4UcjuJ"
"129","LSD, Not Even Once","Jacob Tillberg","LSD, Not Even Once","2:52","SEJMR1800010","https://open.spotify.com/track/4wEdRennLGIH2xffg6UGAv"
"130","Rituals","Sekuoia","Finest Ego | Faces Series Vol. 3","4:50","DEQ121215942","https://open.spotify.com/track/2wdHyqjX2qrU4gtwo4vqJE"
"131","Flight in G Minor (feat. Dirty Cello)","Amp Live","Headphone Concerto","4:04","USPG21400034","https://open.spotify.com/track/5tN0vXXrFm5AI408npOCa2"
"132","Sem Chão","Mandragora","Sem Chão","4:07","GBLV61642320","https://open.spotify.com/track/5irKKFoCUyKFq8rvtSBIYM"
"133","Shiva Style","Mandragora","Salamandra","4:19","GBLV61637831","https://open.spotify.com/track/558E5qAFXCoeQx5kxY6PW9"
"134","Technoholic","Ruback","Screenagers","7:00","DEGA21401394","https://open.spotify.com/track/14ziNixqi2eiEtLNI6mgJ5"
"135","The Prayer","Electric Universe","Cosmic Experience","8:49","USA2P0606533","https://open.spotify.com/track/3ctHq3dW1l745lpETPyWe2"
"136","Calm Before The Storm","Macky Gee","Calm Before The Storm","4:47","GB8KE1650316","https://open.spotify.com/track/6m85aPWDlb7m70oBjlgSmF"
"137","Next Level","Skipper","Vini Vici - Best of Our Sets, Vol. 12","7:37","DKZVA1460541","https://open.spotify.com/track/2VEKMiHAZs3m8OOJu5tb4c"
"138","Merijuana - Cortex, Didrapest Remix Part 2","1200 Micrograms","Remix It","6:25","USQY51379522","https://open.spotify.com/track/5bKi7jdLo6lJ3wpIzItNS0"
"139","Tekno","Lliam Taylor","Tekno","4:48","GBKPL1670669","https://open.spotify.com/track/4un5fUVlbfYFu6MjoD86Sk"
"140","I Know - Original Mix","Martin Ikin","I Know EP","6:40","QMSNZ1309359","https://open.spotify.com/track/4x7fumyT8IPKymlJeYqysc"
"141","The Soul Condor","Curry & Krawall","The Soul Condor (Remixes)","6:14","DEUE11505191","https://open.spotify.com/track/2ZLP77P7j08v58KcLgO3YW"
"142","Lasst Uns Chillen Schlampen (feat. King Orgasmus One)","Rhymin Simon","Egoboost","6:02","DEQ120405344","https://open.spotify.com/track/2XDvi0JqHhLFlhjQCIujXC"
"143","Timmy Turner - Original Version","Lil Fetti Boi","Timmy Turner","3:52","GBLFP1615967","https://open.spotify.com/track/4nPqODkdCQmvl75cMRVZzY"
"144","Bel Air - Original mix","Boogie Vice","Bel Air","5:10","GRER11400636","https://open.spotify.com/track/4ZyH814fyr7gRZ9d1cbFha"
"145","Black Hole","Interactive Noise","Mind Games","6:15","DEKC41202081","https://open.spotify.com/track/0FjQ5J2EirJwlUnZhzMX8s"
"146","Polar Bear","Morillo","Polar Bear","4:08","TCACU1684579","https://open.spotify.com/track/553MM5Zwl8gkMQy5q0m58S"
"147","Voice of Dissent","Soom T","Voice of Dissent","3:28","GBW8L1200006","https://open.spotify.com/track/3tkBRcPepIpUiYld9rwsA5"
"148","Deep Blue","K-391","Deep Blue","4:36","TCACG1589947","https://open.spotify.com/track/55tGh3N9x79ehoCc3pNV8B"
"149","Drope","Felix Jaehn","Drope","4:44","DEBL60535459","https://open.spotify.com/track/1MlyuKa1HQebXRIwTjEdlt"
"150","Serenity Now - Mr.What? Remix","Ace Ventura","Vini Vici - Best of Our Sets, Vol. 12","7:48","DKZVA1460543","https://open.spotify.com/track/5bKc5RHqVMrFE7BRVvSPIt"
"151","Gold Lights","Wet Paint","Limitless","3:44","FR59R1491038","https://open.spotify.com/track/4ytac6GAFl2PhgS90Oq1pG"
"152","Savages - Absence Remix","Five Knives","Savages (Remixes)","3:23","USP6L1500055","https://open.spotify.com/track/1lhvGZxM3071qjMw8RLvUf"
"153","Mama India - Out Now Remix","Technical Hitch","Mama India (Out Now Remix)","6:56","DEGA21602091","https://open.spotify.com/track/2GjmvF3uNMXK2oPAWZGImq"
"154","Solid Ground","Kid Simius","Jirafa Waves","3:07","DEQ121638824","https://open.spotify.com/track/05GMnGWJW0dfV9T4Qy8Jgh"
"155","Abracadabra","ICHI","Shaman","3:23","USLZJ1579841","https://open.spotify.com/track/5VmWwmyuL3p2ZLv6w1fapV"
"156","Mercy","De Sluwe Vos","Kontra Album (Part 1)","3:24","NLG3P1500005","https://open.spotify.com/track/5eolLNB7mOrMh3YhYa0sey"
"157","Run Baby Run","Paul Ritch","Run Baby Run","8:21","GBUR61200085","https://open.spotify.com/track/1rd3bZL1cR7gETcEw27apY"
"158","Big Joint - Original Mix","Mandragora","Big Joint","4:52","GBKQU1694229","https://open.spotify.com/track/2hQTq669Idv681wIlUAYrg"
"159","1977 - Original","Ana Tijoux","1977","3:22","CLEE20901888","https://open.spotify.com/track/5sqUxMFrX8zYhINSeU8bIX"
"160","Murderan","Sör És Fű","Enter the Séf","3:31","HUA4M1600017","https://open.spotify.com/track/7pi6IQLDrV9KnWmEXNT10v"
"161","Do You Remember - Vintage Culture Remix","Vintage Culture","Hollywood","6:52","BXBFB1600019","https://open.spotify.com/track/5DDNUljfxRODVVNnV7HakT"
"162","Mosquito (Well Done Edit)","Neelix","Mosquito (Well Done Edit)","8:21","DEKC41600131","https://open.spotify.com/track/3KZFJfQ79If0eUi72uETrg"
"163","Smoke & Mirrors - Playful Edit","Neelix","RMX","9:18","DEKC41200209","https://open.spotify.com/track/28K66FBQMRh83kFMqa2Lr3"
"164","Zoombai Warriors Surfing on a Small Chapati Sound in the East of Parvati - Megamix","Sesto Sento","Zoombai Warriors Surfing on a Small Chapati Sound in the East of Parvati (Megamix)","7:14","BEY921607228","https://open.spotify.com/track/597vhyLftSzDjZznKys9Yo"
"165","Weed - Original Mix","Junior Vieira","Minimal Prog","6:45","GBKQU1579734","https://open.spotify.com/track/6e3a1Sg673o3YazHYiISQ3"
"166","Pesadelo CF - Original Mix","Junior Vieira","Daily Minimal Pack 45.","6:19","GBKQU1579732","https://open.spotify.com/track/4tCfiUqcPksDmTGIVtnZbn"
"167","Fuck That Shit","The Synchronizers","Fuck That Shit","3:45","DEY470939266","https://open.spotify.com/track/7rr0SQ91rEDmQ89tCdLjNX"
"168","Going Like - Original Mix","De La Bass","Going Like","3:37","USLZJ1450841","https://open.spotify.com/track/0zHhfa7Z3SkW7XMIj4BKZi"
"169","Where's My Money","Boombox Cartel","Where's My Money","4:20","TCACG1517337","https://open.spotify.com/track/4MEfr1QFXuQ6hqpB4UJR1u"
"170","Some People Say - Original Mix","Semedo","Some People Say","7:01","DES231600021","https://open.spotify.com/track/76pO0xoeshbp4yIG0JCDiY"
"171","Dope","Apex Rise","Dope","3:01","NLA6K1400420","https://open.spotify.com/track/6dT7YTCwfOfsyeKPmMmZhT"
"172","Wa Wa - Radio Edit","Sam Collins","Wa Wa","3:04","DEPY31500309","https://open.spotify.com/track/1OpGouXm5BlktosCVZNqOy"
"173","Jambalaya - Drunken Masters Remix","Casper","Jambalaya","4:14","DEQ321300370","https://open.spotify.com/track/3j4Ssc29r4garP0WKsEexh"
"174","Magic","Kimyan Law","Zawadi","5:26","GB2DL1600004","https://open.spotify.com/track/1Mn7BPgEYj0KZUeOrexxtA"
"175","Eagle Eye","Hilight Tribe","Temple of Light","7:24","FR58Y1600002","https://open.spotify.com/track/2GrGtm6G8e9DFBJgoUh5RH"
"176","Parvati Valley","Blastoyz","Parvati Valley","6:46","BEY921607205","https://open.spotify.com/track/0vtR1BWnjKvzs85eqcC5gn"
"177","Fat Beat - Original Mix","Boogie Vice","Fat Beat","6:41","QZS1Z1622889","https://open.spotify.com/track/0mSO0RUsb1KsCB1JASSO1T"
"178","Tumbalatum","MC Kevinho","Tumbalatum","2:03","QZ5AB1614826","https://open.spotify.com/track/4aAq1afusFG6jRiOSHQZvN"
"179","Nasty","Marc Spence","Nasty / Stop Interrupting","4:11","FR10S1566884","https://open.spotify.com/track/02yQ99en6BS43RMjylOcR9"
"180","The Grave feat. Gabriella Hook - Original Mix","Apashe","The Grave","5:32","CA5KR1055064","https://open.spotify.com/track/6iEYUpmDCaKKBgzQkuzbBw"
"181","We Come in Peace - Talpa Remix","Liquid Soul","Goa Summer 2016","5:51","DEQ121639714","https://open.spotify.com/track/0vNz1n8Ne1GqpFe5GUolZF"
"182","Longtime - Original Mix","Ricky Tuff","Hard Drugs","4:57","USLZJ1395452","https://open.spotify.com/track/4NfOXs7wh1G9euuHHISpzk"
"183","Eargasm - Original Mix","Sleepin' Is Cheatin","Eargasm","5:18","GBKQU1223589","https://open.spotify.com/track/2Sa4oc034NCESMqkF4mln1"
"184","Harmony","Hi Profile","Goa Beach, Vol. 26","7:10","GBBYB1501945","https://open.spotify.com/track/2o8BeOFUbSLPZpKZVJmGNY"
"185","If Life Was A Thing","DJ Vadim","Dubcatcher","4:33","GBEQT1400061","https://open.spotify.com/track/6YJ8FbQiMfqBhRd62gsczH"
"186","Mediterranean","Hi Profile","Goa Beach, Vol. 28","7:01","GBBYB1602389","https://open.spotify.com/track/6Es5y7EsaU1633awt07QGk"
"187","Ayahuasca - Original Mix","1200 Micrograms","1200 Micrograms","9:02","GBKQU1431150","https://open.spotify.com/track/49NiBykpqF9sqSXnXR9qV9"
"188","Hypnotic Energy","Liquid Soul","Works","8:30","DEBL61133373","https://open.spotify.com/track/2bq4zBaIlnvBqhARTTJM6e"
"189","Tantra","Chapeleiro","The best of 2013","7:18","USLZJ1301647","https://open.spotify.com/track/40c7D9jHdWGD7VTgXDJ7eC"
"190","Notorious","Malaa","Notorious","4:31","USLD90817295","https://open.spotify.com/track/1Wa9LB6g952wVffdcp7Wwd"
"191","Deep Jungle Walk","Astrix","He.art","9:16","USA2P1611449","https://open.spotify.com/track/3vsf3xCBOptI3TwSsTeLfR"
"192","Phoneline","illusionize","Phoneline","5:47","DEEE71600747","https://open.spotify.com/track/3oc7J9GwPutJSerPskHEle"
"193","Alteza","Vini Vici","Future Classics","7:52","DKZVA1560769","https://open.spotify.com/track/1F7Zl6soPgypN0OljX8fec"
"194","Shantex - Original Mix","Mandragora","Aladin","5:36","GBLV61520626","https://open.spotify.com/track/7DFbSwePTUAXAXr4LHEnfX"
"195","Human","Neelix","Human","7:57","DEKC41500009","https://open.spotify.com/track/4Tg67JEaqRDPKBhTkhkezQ"
"196","Grand Tokyo Buffet","Mandragora","Salamandra","5:21","GBLV61637837","https://open.spotify.com/track/6bLeoV6W5aQD8KfKEWrKiH"
"197","Universe Inside Me","Liquid Soul","Universe Inside Me","8:02","DKZVA1661153","https://open.spotify.com/track/63IwltIKqdHUo7flqIoueC"
"198","Machines in Heaven","Hi Profile","Goa Beach, Vol. 27","8:16","GBBYB1502049","https://open.spotify.com/track/5CpRPwNxxRsFRU7bas8b6D"
"199","Giratina","Dimatik","Giratina","4:41","AUCN31208412","https://open.spotify.com/track/6QH8FVbFkefVgfD3QwC82H"
"200","Gorilla","Kill Frenzy","Taylr Swft","5:35","US75Z1410058","https://open.spotify.com/track/4VaWJjh7jOqvvZiRwuvlR2"
"201","Liberal Opposer","Kabaka Pyramid","Lead The Way","4:09","JMJ531300006","https://open.spotify.com/track/1QSDvOFGf8S9Jp1vPgJdFK"
"202","My Game","The Beatangers","Do The Funk EP","5:52","DEZ651350480","https://open.spotify.com/track/3Dg8oXQYyW9CXuqjkjCXMB"
"203","Eto Pump","XS Project","Eto Pump","4:59","TCACZ1706321","https://open.spotify.com/track/2blqdxhHPq8hfUtEUbuICO"
"204","Rock Your Body - Original Mix","Woo2Tech","Summer Weapons Vol.1","6:28","BRQT61300044","https://open.spotify.com/track/0pZ2D6MiLzGBVZpAAV1Uyw"
"205","Psychedellic Illumination (Ekuneil Remix) - Ekuneil Remix","Mandragora","Psychedellic Illumination (Ekuneil Remix)","6:14","USLZJ1721087","https://open.spotify.com/track/2BetSCx3duAfxFngUEH7uK"
"206","Meanwhile in Russia (Take Me to Russia)","XS Project","Meanwhile in Russia (Take Me to Russia)","4:24","TCACZ1746931","https://open.spotify.com/track/2znw67YYGp10RqML5awv3V"
"207","Formula One","Mattiv","Formula One","4:11","GB-SMU-26-78307","https://open.spotify.com/track/4yagbfJjbbfLiKhka27eCo"
"208","Coltrane","Format:B","Coltrane feat. Chris The Voice","7:27","DEMI31300049","https://open.spotify.com/track/106UPQmA7KhICx8ZHvAcSS"
"209","Way Of The Warrior","James Marvel","Way Of The Warrior","4:53","GB2LD0902057","https://open.spotify.com/track/5XHk4opZJD5KE8otKWg251"
"210","Sunday Crunk - Mefjus Remix","Ivy Lab","MEF:LAB","3:48","GBVPL1500016","https://open.spotify.com/track/05uPmzs0ppVw5G3YHpMv2g"
"211","Sanitatek","Ketamane OSC'","Sanitatek","4:51","NLPM11512483","https://open.spotify.com/track/0XbLP2A7z90WlG9L4mCrhf"
"212","That Good Ship","AllttA","The Upper Hand","4:02","FR9T31600006","https://open.spotify.com/track/43KGgVeO6p5ICD4auHrpLC"
"213","Before - Neelix Well Done Remix","Vök","Well Done","8:18","DEKC41600021","https://open.spotify.com/track/0Qmb5QBUErmqFft4S2Cyy4"
"214","Eclipse","Billx","Eclipse","5:54","FR0U91501650","https://open.spotify.com/track/0tjuvO3dOJyouKoPk9vmdI"
"215","Fire","The Oddword","Fire","4:00","DEEN71100100","https://open.spotify.com/track/21cdKw79fYVY3UjjINGsxw"
"216","Veneno - Tropkillaz Remix","Beauty Brain","Veneno (Tropkillaz Remix)","3:28","BRECI1500079","https://open.spotify.com/track/0ugmPfo3h8Wh2CELOiOjx0"
"217","Balkan","Omiki","Balkan","6:27","DEKC41600130","https://open.spotify.com/track/6kw4tVX6fxwLqfo8LK7Wdp"
"218","Come To India","Indra","Killer Machine","7:24","USA2P0767341","https://open.spotify.com/track/22yBXK7vl35OAhCEE9enc6"
"219","Parallel Universe","Vini Vici","Parallel Universe / Expender","8:09","DKZVA1460450","https://open.spotify.com/track/5GTIqcWRwNVyYwWAVKmsI7"
"220","Smack - Waio Remix","Simon Patterson","Smack (Waio Remix)","8:13","NLD681601351","https://open.spotify.com/track/6PpjenEtwxgvxzoKbrqsvU"
"221","Tidal","Zyce","Tidal","6:36","GBKQU1713070","https://open.spotify.com/track/5gTEKC6oOXOf2lYSHIhbwA"
"222","Shiva - Original Mix","Zyce","The Fifth Dimension","6:43","GBKQU1655570","https://open.spotify.com/track/5VSiGydJ65kVj43HGrm92p"
"223","Louder","XS Project","Louder","4:26","TCACS1653276","https://open.spotify.com/track/4hOJBUbHDcrfm4aOct9nA8"
"224","Jungle Consumes Everything","Annix","Jungle Consumes Everything","4:04","GBLSB1600055","https://open.spotify.com/track/00KpO3GHsda3u61oK569Dw"
"225","Bad Mnnrs","MNNR","Bad Mnnrs - Single","3:26","QMWZB1611726","https://open.spotify.com/track/1iTSZLwQJikwSzzRckQfQs"
"226","Drugs","Matty Lincoln","Drugs","4:40","DEY470916447","https://open.spotify.com/track/4nYSYcCn9NlALrWrzWW5qp"
"227","Slice & Dice","Dj Guv","Slice & Dice","4:37","GB8KE1356925","https://open.spotify.com/track/0VrhJQBnT3VzdqI1FlCM4X"
"228","London Baby! - Original Mix","Michael Woods","London Baby!","5:34","UKAPN1500014","https://open.spotify.com/track/3FQPxSXzE5qTcJMOHWXsrQ"
"229","Bayaka","Berg","Aurora","7:01","DEGA21602075","https://open.spotify.com/track/7glUdHk3PMaHvuXg5OV337"
"230","Zakladki","XS Project","Zakladki","5:03","TCADA1748067","https://open.spotify.com/track/2SZgjHs4XGDzrpqf3FBaoc"
"231","Pranava","Ace Ventura","Paradise Engineering","9:44","DKZVA1560812","https://open.spotify.com/track/6nShoVDUQXjD8yS8m7jaW4"
"232","Crank It Loud","Will Sparks","Crank It Loud","4:11","AUNV01600809","https://open.spotify.com/track/53Io8OBdXSxSP9pU0W5uSj"
"233","Snakes in Tracksuits","Gopnik McBlyat","Snakes in Tracksuits","4:20","TCACQ1675366","https://open.spotify.com/track/1U7j5xpUSgX0gxk5lmhHUD"
"234","Asato - Mark Dekoda Remix","Shanti People","Asato","3:28","ITD451600391","https://open.spotify.com/track/3Cbcw9ZVNCZzbCWfYdjOhy"
"235","Answer From The Stars - Mandragora Remix","Vegas (Brazil)","Answer From The Stars","5:30","GBLV61520717","https://open.spotify.com/track/3yqgHz4oJZJSXe8nzVVkum"
"236","Indica - Original Mix","Dzp","Indica","6:17","GBKQU1694641","https://open.spotify.com/track/0mSmkjs0CVW1jQdz6xEFmU"
"237","Nasty Girl","Aggz","Unmistakable - EP","5:14","BGA261382802","https://open.spotify.com/track/3lvyGVT22bLalwo5E1qZhY"
"238","Varanasi - Original Mix","Kalki","Varanasi","6:23","GBLV61606333","https://open.spotify.com/track/6gb02zkLQnBOrChodohSqD"
"239","A Mi Lado","Taiwan MC","Cool & Deadly","4:02","FRP7S1600030","https://open.spotify.com/track/1FShSStnXzldEdsQqJSq5v"
"240","Tut Tut","Michael Woods","Tut Tut","2:38","UKAPN1700005","https://open.spotify.com/track/7pf8TQ2TaUR8SoQLETv779"
"241","Golden Egg","The Inexplicables","Proper Gander","3:58","TCACL1628765","https://open.spotify.com/track/55X0QGoJyslv1VIidsDwn9"
"242","Stories and Tales","Subculture Sage","Subculture Sage - EP","3:15","FR4GL1110436","https://open.spotify.com/track/6ZihHwEXlAY67ZMqnJdBpU"
"243","Bhangra","Two Birds","Bhangra","3:39","QMPKX1753124","https://open.spotify.com/track/0SLQbwOhbFGyURuTYGakwm"
"244","Dancing Gnomes - Original Mix","Mandragora","Dancing Gnomes","5:15","GBKQU1608108","https://open.spotify.com/track/6pZiOfKuFyu81DFIT10IEF"
"245","Tandava - Blazy & Gottinari Remix","Shanti People","Tandava (Blazy & Gottinari Remix)","5:12","GBLV61641870","https://open.spotify.com/track/2BmwXAUDtEzKw4RGtHJu5B"
"246","Bass Inside","AC Slater","Bass Inside","4:24","USAT21601116","https://open.spotify.com/track/0oUTyBEY3NQzmu2VuoKpSH"
"247","Alright - Tropkillaz Remix","Tommie Sunshine","Alright (Remixes)","3:52","USUS11203491","https://open.spotify.com/track/4iqmY06LBOkPTMUEaWkNcB"
"248","Three Two One - Original Mix","Sonny Moko","Three Two One","4:19","GBLV61402852","https://open.spotify.com/track/4WyDlK1Swi0xcRmyUB2IXm"
"249","Befehlskette","Lemur","Geräusche","4:13","DEZ901401069","https://open.spotify.com/track/1zTzoLxTNWzIVKQF5Gpsi7"
"250","Sorry I Am Late - Summer 2016 Version","Kollektiv Turmstrasse","Sorry I Am Late (Summer 2016 Version)","3:44","DEDH71600053","https://open.spotify.com/track/4HubaPJdFWVTWzgHCeeW2f"
"251","Mala - Original Mix","Tropical Bleyage","Constant Present","7:24","GBKQU1548572","https://open.spotify.com/track/1Dls4kcgFCFXuymquHsYG8"
"252","Колибри","Kavabanga & Depo & Kolibri with MiyaGi","KDKin","4:32","QMPU51284927","https://open.spotify.com/track/2iO0lEdYJHf5hzEAdAvrJU"
"253","Toccata","Belik Boom","Best of Belik","7:27","UKACT1650531","https://open.spotify.com/track/2qEQWLAZXK3o7FoVQRqAQ9"
"254","Black Widow","Macky Gee","Liondub Street Series, Vol. 11 - Black Widow","4:29","QMKKH1500010","https://open.spotify.com/track/5mT2XzQIIciKlBadBXPMDN"
"255","3rd Eye","Morten Granau","3rd Eye","7:24","DKZVA1460578","https://open.spotify.com/track/1VplCXVHRhmkt5kcylIRah"
"256","AMK","Commodo","Volume 1","4:52","GBZU14000028","https://open.spotify.com/track/5GZx06rmpaYZpwL90zyxXx"
"257","Lordly - Instrumental Mix","Feder","Lordly (feat. Alex Aiono) [Remix EP]","4:33","FRZ041601500","https://open.spotify.com/track/5tFrkZF1LBDo6uG3Z8UIlI"
"258","Mystique - Antoine Delvig Edit","Gregori Hawk","Mystique (Antoine Delvig Edit)","4:08","GB3CE1500027","https://open.spotify.com/track/2OoSc6j5oysDmygt2eTC4l"
"259","Hard Bop","Ego Trippin","Hard Bop / Sight N Soundz","4:47","GB8KE1650581","https://open.spotify.com/track/4FzsWMEOYqTjMo2X17ejiM"
"260","Giant killa bees","Logan D","London","4:31","GB8KE1559992","https://open.spotify.com/track/0GrI5vQrWwTGtG648hvxFC"
"261","Thrill Seekers","Ego Trippin","Train Wreck","5:32","GB8KE1651964","https://open.spotify.com/track/32aUJiOdGoJkbr63j5U4tt"
"262","Love Drug","Die Antwoord","Love Drug","4:11","GBWWP1702813","https://open.spotify.com/track/4GUuAnl6UHJ3NJdw402woI"
"263","Professor Kislih Shey","Hard Bass School","Professor Kislih Shey","4:24","QMPKX1792800","https://open.spotify.com/track/4FvHDIouVqSF6S3JZR4N4d"
"264","DJ Cotty Deep Sensations Episode 1","DJ Cotty","DJ Cotty Deep Sensations Vol.1","4:02","GBLFP1528932","https://open.spotify.com/track/1m6Wi44kjgTXl52CR8zjQz"
"265","Gopnik","DJ Blyatman","Hardkvas","3:12","QMPKX1727545","https://open.spotify.com/track/5c2wsk7NHbSt8c2X1e1u9i"
"266","Public Service Announcement","S3RL","Public Service Announcement","3:25","AU8N01100050","https://open.spotify.com/track/5jfuP1s5gLc0U0mKzMRFmw"
"267","Notorious - Vital Elements Mix","Nanci & Phoebe","Notorious (feat. Congo Natty)","5:21","GBCB15000001","https://open.spotify.com/track/6phsrXKoxr9gyN9Gtlt6Wa"
"268","The Nux","Hard Bass School","Hard Bass School","4:27","FR2X41630686","https://open.spotify.com/track/3yZp82sEVHN3FVkh5Gt2po"
"269","Activation - Original Mix","Aura Vortex","Activation","5:40","GBKQU1665325","https://open.spotify.com/track/3aVmAhzZYBg5erHyO35t2P"
"270","Bad Love (Esh Remix)","Vice","Bad Love (Remixes)","5:40","USLD90813507","https://open.spotify.com/track/4yykbMpDiG5qreFImtJIDT"
"271","Alien","Die Antwoord","Mount Ninji and da Nice Time Kid","4:17","GBWWP1602024","https://open.spotify.com/track/1WxoAtImycmBWWUtcfi8NL"
"272","Mad","Mandragora","Mad","4:06","QM2PV1708816","https://open.spotify.com/track/4h3YjJvFQOOmDYMJaiHccX"
"273","In & Out","Vini Vici","Hologram","8:07","DKZVA1761335","https://open.spotify.com/track/3Fm2WjtN6H76SZQn49vhwH"
"274","Thousand Words","Mandragora","Salamandra","5:29","GBLV61637833","https://open.spotify.com/track/4rsxwdCaDiJy2Or2AOavA9"
"275","Keep In Mind - Original Mix","Indianix","Keep In Mind","7:00","GBKQU1690938","https://open.spotify.com/track/5KPC8LGoXstzR64SKB3w4H"
"276","Lehetsz Király - A Rómeó És Júlia c. Musicalböl","Zserbó","Nagy Zserbó Lemez","4:00","HUAC60502250","https://open.spotify.com/track/4muz8qS1IQ39EQ2VCpv2oL"
"277","Dinosaur Killer","Mandragora","Salamandra","5:29","GBLV61637834","https://open.spotify.com/track/63pFLUoWXXTGwvj1ZLuXXB"
"278","Divine Moments of Truth - Astrix, Loud & L.S.D Remix","Shpongle","Divine Moments of Truth (Astrix, Loud & L.S.D Remix)","10:00","USQY51719563","https://open.spotify.com/track/2L7qzGqRIWrLw2YDdB6azz"
"279","Krishna (feat Ankit Sharda)","Omiki","Krishna","6:41","DEKC41700021","https://open.spotify.com/track/7mPc8ZB3HojopWd0EKQkLO"
"280","Sarva Mangalam","Shanti People","Urban Mantra III","4:17","AUAL12000112","https://open.spotify.com/track/19aEQENL9zSLBDrppaf3HN"
"281","12 Inch - Picco Mix","Dave Darell","12 Inch","4:38","DEZ381500061","https://open.spotify.com/track/07Xdx4BCDHwilkdzo9PLlC"
"282","All Ganja Man","Aliman","All Ganja Man / Stompa","4:32","GB8KE1301080","https://open.spotify.com/track/5g8iMAlboXDNb1RMFbLsTp"
"283","I.M Legend - Original Mix","Yahel","Time Travel","5:57","GBKQU1549428","https://open.spotify.com/track/5EX6W1rkk9Am1LlGnASKCT"
"284","Petrunko Bulgaria","Trap City ME","Trap All Time","5:09","QZ4JJ1629731","https://open.spotify.com/track/6rv7789Jq4hQNI97pMuORR"
"285","Flamingo","Infected Mushroom","Return to the Sauce","8:44","USQY51700344","https://open.spotify.com/track/4tpg4LeqxZpSYx4kDZzfKc"
"286","Man Brain Live","Belik Boom","Best of Belik","8:05","UKACT1650527","https://open.spotify.com/track/1iJy1RKxsOxSYdNx9mrPqo"
"287","Davadeva","Groundbass","Davadeva","5:57","TCADA1728654","https://open.spotify.com/track/3mnN2XjyF7awsMYS4IMFmF"
"288","Inequality - Chapeleiro Remix","Major7","Inequality Remixes","5:28","GBLV61501291","https://open.spotify.com/track/519jYEt0UK15s8ZJdJO8BS"
"289","We Don't Need No Sleep","Croatia Squad","We Don't Need No Sleep","3:10","CH3131613215","https://open.spotify.com/track/2vIlgaERMLTF3UZcEyuOPg"
"290","Wonderland","Ñarkiš","Wonderland","7:13","QZS1Z1602481","https://open.spotify.com/track/4Dr9izBNTitHALUhVMTmYP"
"291","Okay","Shiba San","Okay","5:59","US75Z1410001","https://open.spotify.com/track/5VS7aJFWhrm5U4gO7wHbVB"
"292","No Rules","X-Noize","No Rules","6:43","BEY921507273","https://open.spotify.com/track/2rgciA1dizuvneXnMRtaZB"
"293","Rocket Bunny","Format:B","Rocket Bunny","6:17","DEMI31500085","https://open.spotify.com/track/3QSUP2g1RNFddOsIXECnae"
"294","Bolghar","Dang3r","Bolghar","6:21","GBKQU1709031","https://open.spotify.com/track/2jqaTeLYqPMR1Fo0DnMx75"
"295","Sentidos","Groundbass","Sentidos","6:32","TCACY1705749","https://open.spotify.com/track/2wG2zxj4G6A5NuYBfKkCY1"
"296","Hit 'N' Run","Skazi","Total Anarchy","7:38","USA560977278","https://open.spotify.com/track/40FcYUKpn3axpxmLMG88p3"
"297","Dust It Off","Capital Monkey","Adhana","8:02","GBLV61639027","https://open.spotify.com/track/5dRne059QeFArYEXhUdGop"
"298","Weed - Original Mix","Eight Sin","VIVA","6:06","GBKQU1608102","https://open.spotify.com/track/48xPM8BGgs89ML6CwYgjqq"
"299","Shakty - Tribute Mix","4i20","Shakty (Tribute Mix)","5:52","GBKQU1760359","https://open.spotify.com/track/3DyXPWdWYZR5vTT4Ij1hOU"
"300","I Don't Have A Job - Almost Famous Remix","Mandragora","I Don't Have A Job","4:48","GBKQU1466134","https://open.spotify.com/track/5Zu8GnC4OYs3FJbNPhrqX6"